suite,run_id_safe,bench,gc_flag,rep,wall_s,energy_total_j,energy_pkg_j,energy_dram_j,energy_pp0_j,energy_pp1_j,cpu_pct_avg,rss_mb_avg,throughput_iter_per_s,gc_pause_ms_avg
clbg,clbg_fasta__-XX__UseG1GC__1,fasta,-XX:+UseG1GC,1,0.560000,41.2001953125,41.2001953125,0.0,31.14923095703125,0.00396728515625,,,1.785714,0.492
clbg,clbg_fasta__-XX__UseG1GC__10,fasta,-XX:+UseG1GC,10,0.570000,40.11846923828125,40.11846923828125,0.0,30.19171142578125,0.00140380859375,,,1.754386,0.614
clbg,clbg_fasta__-XX__UseG1GC__2,fasta,-XX:+UseG1GC,2,0.570000,39.71728515625,39.71728515625,0.0,30.42803955078125,0.00048828125,,,1.754386,0.588
clbg,clbg_fasta__-XX__UseG1GC__3,fasta,-XX:+UseG1GC,3,0.580000,39.6822509765625,39.6822509765625,0.0,30.2940673828125,0.00103759765625,,,1.724138,0.594
clbg,clbg_fasta__-XX__UseG1GC__4,fasta,-XX:+UseG1GC,4,0.570000,39.15673828125,39.15673828125,0.0,30.0599365234375,0.00128173828125,,,1.754386,0.644
clbg,clbg_fasta__-XX__UseG1GC__5,fasta,-XX:+UseG1GC,5,0.580000,41.21099853515625,41.21099853515625,0.0,31.23876953125,0.00390625,,,1.724138,0.690
clbg,clbg_fasta__-XX__UseG1GC__6,fasta,-XX:+UseG1GC,6,0.570000,39.55224609375,39.55224609375,0.0,30.2198486328125,0.0010986328125,,,1.754386,0.594
clbg,clbg_fasta__-XX__UseG1GC__7,fasta,-XX:+UseG1GC,7,0.580000,40.10107421875,40.10107421875,0.0,30.740234375,0.0,,,1.724138,0.552
clbg,clbg_fasta__-XX__UseG1GC__8,fasta,-XX:+UseG1GC,8,0.570000,39.2498779296875,39.2498779296875,0.0,30.24517822265625,0.0009765625,,,1.754386,0.530
clbg,clbg_fasta__-XX__UseG1GC__9,fasta,-XX:+UseG1GC,9,0.580000,39.84954833984375,39.84954833984375,0.0,30.43133544921875,0.00384521484375,,,1.724138,0.515
clbg,clbg_fasta__-XX__UseParallelGC__1,fasta,-XX:+UseParallelGC,1,0.580000,40.22021484375,40.22021484375,0.0,30.12884521484375,0.0003662109375,,,1.724138,
clbg,clbg_fasta__-XX__UseParallelGC__10,fasta,-XX:+UseParallelGC,10,0.580000,38.681884765625,38.681884765625,0.0,29.71978759765625,0.00128173828125,,,1.724138,
clbg,clbg_fasta__-XX__UseParallelGC__2,fasta,-XX:+UseParallelGC,2,0.560000,39.5147705078125,39.5147705078125,0.0,30.04705810546875,0.00140380859375,,,1.785714,
clbg,clbg_fasta__-XX__UseParallelGC__3,fasta,-XX:+UseParallelGC,3,0.550000,39.70684814453125,39.70684814453125,0.0,30.16497802734375,0.003173828125,,,1.818182,
clbg,clbg_fasta__-XX__UseParallelGC__4,fasta,-XX:+UseParallelGC,4,0.560000,38.53399658203125,38.53399658203125,0.0,29.65765380859375,0.00152587890625,,,1.785714,
clbg,clbg_fasta__-XX__UseParallelGC__5,fasta,-XX:+UseParallelGC,5,0.570000,38.66259765625,38.66259765625,0.0,29.38037109375,0.0009765625,,,1.754386,
clbg,clbg_fasta__-XX__UseParallelGC__6,fasta,-XX:+UseParallelGC,6,0.580000,38.03411865234375,38.03411865234375,0.0,29.21307373046875,0.00164794921875,,,1.724138,
clbg,clbg_fasta__-XX__UseParallelGC__7,fasta,-XX:+UseParallelGC,7,0.580000,40.90771484375,40.90771484375,0.0,30.7841796875,0.0032958984375,,,1.724138,
clbg,clbg_fasta__-XX__UseParallelGC__8,fasta,-XX:+UseParallelGC,8,0.570000,38.8619384765625,38.8619384765625,0.0,29.5865478515625,0.00164794921875,,,1.754386,
clbg,clbg_fasta__-XX__UseParallelGC__9,fasta,-XX:+UseParallelGC,9,0.570000,39.66656494140625,39.66656494140625,0.0,29.84912109375,0.0006103515625,,,1.754386,
clbg,clbg_fasta__-XX__UseSerialGC__1,fasta,-XX:+UseSerialGC,1,0.560000,40.771240234375,40.771240234375,0.0,30.53729248046875,0.00140380859375,,,1.785714,
clbg,clbg_fasta__-XX__UseSerialGC__10,fasta,-XX:+UseSerialGC,10,0.560000,39.2109375,39.2109375,0.0,29.7198486328125,0.00152587890625,,,1.785714,
clbg,clbg_fasta__-XX__UseSerialGC__2,fasta,-XX:+UseSerialGC,2,0.560000,39.0987548828125,39.0987548828125,0.0,29.9486083984375,0.00152587890625,,,1.785714,
clbg,clbg_fasta__-XX__UseSerialGC__3,fasta,-XX:+UseSerialGC,3,0.550000,38.91064453125,38.91064453125,0.0,29.56591796875,0.0001220703125,,,1.818182,
clbg,clbg_fasta__-XX__UseSerialGC__4,fasta,-XX:+UseSerialGC,4,0.560000,39.26385498046875,39.26385498046875,0.0,29.903076171875,0.00091552734375,,,1.785714,
clbg,clbg_fasta__-XX__UseSerialGC__5,fasta,-XX:+UseSerialGC,5,0.560000,40.20355224609375,40.20355224609375,0.0,30.036865234375,0.0042724609375,,,1.785714,
clbg,clbg_fasta__-XX__UseSerialGC__6,fasta,-XX:+UseSerialGC,6,0.570000,39.1749267578125,39.1749267578125,0.0,29.91595458984375,0.00115966796875,,,1.754386,
clbg,clbg_fasta__-XX__UseSerialGC__7,fasta,-XX:+UseSerialGC,7,0.570000,39.58453369140625,39.58453369140625,0.0,30.0550537109375,0.0013427734375,,,1.754386,
clbg,clbg_fasta__-XX__UseSerialGC__8,fasta,-XX:+UseSerialGC,8,0.560000,39.148193359375,39.148193359375,0.0,29.56182861328125,0.001220703125,,,1.785714,
clbg,clbg_fasta__-XX__UseSerialGC__9,fasta,-XX:+UseSerialGC,9,0.570000,40.501220703125,40.501220703125,0.0,30.13037109375,0.00494384765625,,,1.754386,
clbg,clbg_fasta__-XX__UseZGC__1,fasta,-XX:+UseZGC,1,0.670000,41.96337890625,41.96337890625,0.0,31.8287353515625,0.00115966796875,,,1.492537,
clbg,clbg_fasta__-XX__UseZGC__10,fasta,-XX:+UseZGC,10,0.670000,43.606689453125,43.606689453125,0.0,32.825927734375,0.00091552734375,,,1.492537,
clbg,clbg_fasta__-XX__UseZGC__2,fasta,-XX:+UseZGC,2,0.670000,41.43438720703125,41.43438720703125,0.0,31.52386474609375,0.000732421875,,,1.492537,
clbg,clbg_fasta__-XX__UseZGC__3,fasta,-XX:+UseZGC,3,0.670000,42.30706787109375,42.30706787109375,0.0,32.39752197265625,0.0006103515625,,,1.492537,
clbg,clbg_fasta__-XX__UseZGC__4,fasta,-XX:+UseZGC,4,0.670000,42.224853515625,42.224853515625,0.0,31.83905029296875,0.00079345703125,93.070,0.000,1.492537,
clbg,clbg_fasta__-XX__UseZGC__5,fasta,-XX:+UseZGC,5,0.660000,42.478271484375,42.478271484375,0.0,32.33612060546875,0.00091552734375,,,1.515152,
clbg,clbg_fasta__-XX__UseZGC__6,fasta,-XX:+UseZGC,6,0.670000,41.97100830078125,41.97100830078125,0.0,32.08709716796875,0.000732421875,,,1.492537,
clbg,clbg_fasta__-XX__UseZGC__7,fasta,-XX:+UseZGC,7,0.660000,42.51727294921875,42.51727294921875,0.0,32.3541259765625,0.0008544921875,,,1.515152,
clbg,clbg_fasta__-XX__UseZGC__8,fasta,-XX:+UseZGC,8,0.660000,43.89422607421875,43.89422607421875,0.0,32.81182861328125,0.00091552734375,96.040,,1.515152,
clbg,clbg_fasta__-XX__UseZGC__9,fasta,-XX:+UseZGC,9,0.660000,42.40142822265625,42.40142822265625,0.0,32.3192138671875,0.001220703125,,,1.515152,
clbg,clbg_nbody__-XX__UseG1GC__1,nbody,-XX:+UseG1GC,1,0.230000,30.756591796875,30.756591796875,0.0,21.0985107421875,0.000732421875,,,4.347826,
clbg,clbg_nbody__-XX__UseG1GC__10,nbody,-XX:+UseG1GC,10,0.230000,29.01904296875,29.01904296875,0.0,20.218994140625,0.00054931640625,,,4.347826,
clbg,clbg_nbody__-XX__UseG1GC__2,nbody,-XX:+UseG1GC,2,0.230000,29.9979248046875,29.9979248046875,0.0,20.6319580078125,0.00408935546875,,,4.347826,
clbg,clbg_nbody__-XX__UseG1GC__3,nbody,-XX:+UseG1GC,3,0.250000,28.1612548828125,28.1612548828125,0.0,19.65203857421875,0.00128173828125,,,4.000000,
clbg,clbg_nbody__-XX__UseG1GC__4,nbody,-XX:+UseG1GC,4,0.230000,28.3349609375,28.3349609375,0.0,19.79833984375,0.0013427734375,,,4.347826,
clbg,clbg_nbody__-XX__UseG1GC__5,nbody,-XX:+UseG1GC,5,0.230000,28.8895263671875,28.8895263671875,0.0,20.0640869140625,0.00103759765625,,,4.347826,
clbg,clbg_nbody__-XX__UseG1GC__6,nbody,-XX:+UseG1GC,6,0.240000,30.27679443359375,30.27679443359375,0.0,20.50439453125,0.0042724609375,,,4.166667,
clbg,clbg_nbody__-XX__UseG1GC__7,nbody,-XX:+UseG1GC,7,0.230000,28.80535888671875,28.80535888671875,0.0,19.9915771484375,0.00103759765625,,,4.347826,
clbg,clbg_nbody__-XX__UseG1GC__8,nbody,-XX:+UseG1GC,8,0.240000,28.9512939453125,28.9512939453125,0.0,20.19287109375,0.00140380859375,,,4.166667,
clbg,clbg_nbody__-XX__UseG1GC__9,nbody,-XX:+UseG1GC,9,0.230000,28.61346435546875,28.61346435546875,0.0,19.85882568359375,0.000732421875,,,4.347826,
clbg,clbg_nbody__-XX__UseParallelGC__1,nbody,-XX:+UseParallelGC,1,0.220000,27.37091064453125,27.37091064453125,0.0,19.1878662109375,0.0008544921875,,,4.545455,
clbg,clbg_nbody__-XX__UseParallelGC__10,nbody,-XX:+UseParallelGC,10,0.220000,28.8038330078125,28.8038330078125,0.0,20.075439453125,0.000732421875,,,4.545455,
clbg,clbg_nbody__-XX__UseParallelGC__2,nbody,-XX:+UseParallelGC,2,0.220000,28.52105712890625,28.52105712890625,0.0,19.87005615234375,0.0,,,4.545455,
clbg,clbg_nbody__-XX__UseParallelGC__3,nbody,-XX:+UseParallelGC,3,0.220000,28.28521728515625,28.28521728515625,0.0,19.89776611328125,0.00152587890625,,,4.545455,
clbg,clbg_nbody__-XX__UseParallelGC__4,nbody,-XX:+UseParallelGC,4,0.220000,31.55291748046875,31.55291748046875,0.0,20.81134033203125,0.00360107421875,,,4.545455,
clbg,clbg_nbody__-XX__UseParallelGC__5,nbody,-XX:+UseParallelGC,5,0.220000,29.1427001953125,29.1427001953125,0.0,20.0648193359375,0.00079345703125,,,4.545455,
clbg,clbg_nbody__-XX__UseParallelGC__6,nbody,-XX:+UseParallelGC,6,0.220000,28.8050537109375,28.8050537109375,0.0,19.9996337890625,0.00115966796875,,,4.545455,
clbg,clbg_nbody__-XX__UseParallelGC__7,nbody,-XX:+UseParallelGC,7,0.230000,28.5216064453125,28.5216064453125,0.0,19.91845703125,0.00091552734375,,,4.347826,
clbg,clbg_nbody__-XX__UseParallelGC__8,nbody,-XX:+UseParallelGC,8,0.220000,30.3795166015625,30.3795166015625,0.0,20.7867431640625,0.00335693359375,,,4.545455,
clbg,clbg_nbody__-XX__UseParallelGC__9,nbody,-XX:+UseParallelGC,9,0.220000,28.43670654296875,28.43670654296875,0.0,19.985107421875,0.00030517578125,,,4.545455,
clbg,clbg_nbody__-XX__UseSerialGC__1,nbody,-XX:+UseSerialGC,1,0.230000,49.7935791015625,49.7935791015625,0.0,37.762451171875,0.0206298828125,,,4.347826,
clbg,clbg_nbody__-XX__UseSerialGC__10,nbody,-XX:+UseSerialGC,10,0.230000,28.35406494140625,28.35406494140625,0.0,19.7747802734375,0.00421142578125,,,4.347826,
clbg,clbg_nbody__-XX__UseSerialGC__2,nbody,-XX:+UseSerialGC,2,0.250000,146.93511962890625,146.93511962890625,0.0,119.45782470703125,0.21124267578125,,,4.000000,
clbg,clbg_nbody__-XX__UseSerialGC__3,nbody,-XX:+UseSerialGC,3,0.220000,36.1436767578125,36.1436767578125,0.0,25.7445068359375,0.0,,,4.545455,
clbg,clbg_nbody__-XX__UseSerialGC__4,nbody,-XX:+UseSerialGC,4,0.230000,29.4976806640625,29.4976806640625,0.0,20.5294189453125,0.00213623046875,,,4.347826,
clbg,clbg_nbody__-XX__UseSerialGC__5,nbody,-XX:+UseSerialGC,5,0.230000,29.0452880859375,29.0452880859375,0.0,20.16534423828125,0.0013427734375,,,4.347826,
clbg,clbg_nbody__-XX__UseSerialGC__6,nbody,-XX:+UseSerialGC,6,0.240000,29.5133056640625,29.5133056640625,0.0,20.02398681640625,0.0040283203125,,,4.166667,
clbg,clbg_nbody__-XX__UseSerialGC__7,nbody,-XX:+UseSerialGC,7,0.230000,27.50360107421875,27.50360107421875,0.0,19.39556884765625,0.0013427734375,,,4.347826,
clbg,clbg_nbody__-XX__UseSerialGC__8,nbody,-XX:+UseSerialGC,8,0.220000,28.38311767578125,28.38311767578125,0.0,19.85186767578125,0.00067138671875,,,4.545455,
clbg,clbg_nbody__-XX__UseSerialGC__9,nbody,-XX:+UseSerialGC,9,0.230000,27.8665771484375,27.8665771484375,0.0,19.4842529296875,0.00079345703125,,,4.347826,
clbg,clbg_nbody__-XX__UseZGC__1,nbody,-XX:+UseZGC,1,0.330000,31.68951416015625,31.68951416015625,0.0,22.17999267578125,0.0,,,3.030303,
clbg,clbg_nbody__-XX__UseZGC__10,nbody,-XX:+UseZGC,10,0.330000,31.837158203125,31.837158203125,0.0,22.36346435546875,0.0009765625,,,3.030303,
clbg,clbg_nbody__-XX__UseZGC__2,nbody,-XX:+UseZGC,2,0.330000,32.38385009765625,32.38385009765625,0.0,22.74395751953125,0.0009765625,,,3.030303,
clbg,clbg_nbody__-XX__UseZGC__3,nbody,-XX:+UseZGC,3,0.340000,31.40093994140625,31.40093994140625,0.0,21.929931640625,0.00079345703125,,,2.941176,
clbg,clbg_nbody__-XX__UseZGC__4,nbody,-XX:+UseZGC,4,0.340000,31.90643310546875,31.90643310546875,0.0,22.43927001953125,0.0013427734375,,,2.941176,
clbg,clbg_nbody__-XX__UseZGC__5,nbody,-XX:+UseZGC,5,0.330000,32.11248779296875,32.11248779296875,0.0,22.2513427734375,0.00091552734375,,,3.030303,
clbg,clbg_nbody__-XX__UseZGC__6,nbody,-XX:+UseZGC,6,0.330000,31.71392822265625,31.71392822265625,0.0,22.30609130859375,0.0009765625,,,3.030303,
clbg,clbg_nbody__-XX__UseZGC__7,nbody,-XX:+UseZGC,7,0.340000,31.34088134765625,31.34088134765625,0.0,21.99725341796875,0.00189208984375,,,2.941176,
clbg,clbg_nbody__-XX__UseZGC__8,nbody,-XX:+UseZGC,8,0.330000,32.62152099609375,32.62152099609375,0.0,22.9892578125,0.00079345703125,,,3.030303,
clbg,clbg_nbody__-XX__UseZGC__9,nbody,-XX:+UseZGC,9,0.330000,32.56292724609375,32.56292724609375,0.0,22.66424560546875,0.0003662109375,,,3.030303,
clbg,clbg_spectralnorm__-XX__UseG1GC__1,spectralnorm,-XX:+UseG1GC,1,0.390000,39.9447021484375,39.9447021484375,0.0,30.7244873046875,0.0013427734375,,,2.564103,
clbg,clbg_spectralnorm__-XX__UseG1GC__10,spectralnorm,-XX:+UseG1GC,10,0.370000,39.9073486328125,39.9073486328125,0.0,30.59539794921875,0.00091552734375,,,2.702703,
clbg,clbg_spectralnorm__-XX__UseG1GC__2,spectralnorm,-XX:+UseG1GC,2,0.370000,39.8843994140625,39.8843994140625,0.0,30.603515625,0.00030517578125,,,2.702703,
clbg,clbg_spectralnorm__-XX__UseG1GC__3,spectralnorm,-XX:+UseG1GC,3,0.360000,39.2548828125,39.2548828125,0.0,30.20849609375,0.00079345703125,,,2.777778,
clbg,clbg_spectralnorm__-XX__UseG1GC__4,spectralnorm,-XX:+UseG1GC,4,0.390000,41.12127685546875,41.12127685546875,0.0,31.526611328125,0.00408935546875,,,2.564103,
clbg,clbg_spectralnorm__-XX__UseG1GC__5,spectralnorm,-XX:+UseG1GC,5,0.370000,39.3291015625,39.3291015625,0.0,30.09326171875,0.00128173828125,,,2.702703,
clbg,clbg_spectralnorm__-XX__UseG1GC__6,spectralnorm,-XX:+UseG1GC,6,0.360000,38.7825927734375,38.7825927734375,0.0,29.81878662109375,0.0009765625,,,2.777778,
clbg,clbg_spectralnorm__-XX__UseG1GC__7,spectralnorm,-XX:+UseG1GC,7,0.370000,39.91412353515625,39.91412353515625,0.0,30.606201171875,0.0025634765625,,,2.702703,
clbg,clbg_spectralnorm__-XX__UseG1GC__8,spectralnorm,-XX:+UseG1GC,8,0.360000,39.56195068359375,39.56195068359375,0.0,30.45050048828125,0.00384521484375,,,2.777778,
clbg,clbg_spectralnorm__-XX__UseG1GC__9,spectralnorm,-XX:+UseG1GC,9,0.370000,38.585205078125,38.585205078125,0.0,30.1278076171875,0.00152587890625,,,2.702703,
clbg,clbg_spectralnorm__-XX__UseParallelGC__1,spectralnorm,-XX:+UseParallelGC,1,0.370000,39.2835693359375,39.2835693359375,0.0,30.34686279296875,0.0009765625,,,2.702703,
clbg,clbg_spectralnorm__-XX__UseParallelGC__10,spectralnorm,-XX:+UseParallelGC,10,0.350000,41.61077880859375,41.61077880859375,0.0,31.13067626953125,0.00457763671875,,,2.857143,
clbg,clbg_spectralnorm__-XX__UseParallelGC__2,spectralnorm,-XX:+UseParallelGC,2,0.370000,40.3336181640625,40.3336181640625,0.0,31.18438720703125,0.00482177734375,,,2.702703,
clbg,clbg_spectralnorm__-XX__UseParallelGC__3,spectralnorm,-XX:+UseParallelGC,3,0.390000,40.80731201171875,40.80731201171875,0.0,31.07281494140625,0.00115966796875,,,2.564103,
clbg,clbg_spectralnorm__-XX__UseParallelGC__4,spectralnorm,-XX:+UseParallelGC,4,0.340000,38.3697509765625,38.3697509765625,0.0,29.242919921875,0.00146484375,,,2.941176,
clbg,clbg_spectralnorm__-XX__UseParallelGC__5,spectralnorm,-XX:+UseParallelGC,5,0.350000,38.23284912109375,38.23284912109375,0.0,29.45452880859375,0.00103759765625,,,2.857143,
clbg,clbg_spectralnorm__-XX__UseParallelGC__6,spectralnorm,-XX:+UseParallelGC,6,0.380000,41.90032958984375,41.90032958984375,0.0,31.41278076171875,0.0042724609375,,,2.631579,
clbg,clbg_spectralnorm__-XX__UseParallelGC__7,spectralnorm,-XX:+UseParallelGC,7,0.470000,44.8753662109375,44.8753662109375,0.0,35.2646484375,0.00030517578125,,,2.127660,
clbg,clbg_spectralnorm__-XX__UseParallelGC__8,spectralnorm,-XX:+UseParallelGC,8,0.370000,40.21112060546875,40.21112060546875,0.0,30.47271728515625,0.00128173828125,,,2.702703,
clbg,clbg_spectralnorm__-XX__UseParallelGC__9,spectralnorm,-XX:+UseParallelGC,9,0.360000,38.89208984375,38.89208984375,0.0,29.67498779296875,0.00103759765625,,,2.777778,
clbg,clbg_spectralnorm__-XX__UseSerialGC__1,spectralnorm,-XX:+UseSerialGC,1,0.380000,40.07635498046875,40.07635498046875,0.0,31.14825439453125,0.00128173828125,,,2.631579,
clbg,clbg_spectralnorm__-XX__UseSerialGC__10,spectralnorm,-XX:+UseSerialGC,10,0.400000,42.96044921875,42.96044921875,0.0,33.49261474609375,0.0,,,2.500000,
clbg,clbg_spectralnorm__-XX__UseSerialGC__2,spectralnorm,-XX:+UseSerialGC,2,0.370000,39.9588623046875,39.9588623046875,0.0,30.5750732421875,0.00103759765625,,,2.702703,
clbg,clbg_spectralnorm__-XX__UseSerialGC__3,spectralnorm,-XX:+UseSerialGC,3,0.360000,38.71319580078125,38.71319580078125,0.0,29.77569580078125,0.00140380859375,,,2.777778,
clbg,clbg_spectralnorm__-XX__UseSerialGC__4,spectralnorm,-XX:+UseSerialGC,4,0.370000,39.014892578125,39.014892578125,0.0,30.26324462890625,0.00225830078125,,,2.702703,
clbg,clbg_spectralnorm__-XX__UseSerialGC__5,spectralnorm,-XX:+UseSerialGC,5,0.380000,39.78936767578125,39.78936767578125,0.0,30.795654296875,0.00128173828125,,,2.631579,
clbg,clbg_spectralnorm__-XX__UseSerialGC__6,spectralnorm,-XX:+UseSerialGC,6,0.360000,39.058837890625,39.058837890625,0.0,29.64788818359375,0.0010986328125,,,2.777778,
clbg,clbg_spectralnorm__-XX__UseSerialGC__7,spectralnorm,-XX:+UseSerialGC,7,0.370000,39.5576171875,39.5576171875,0.0,30.48236083984375,0.00091552734375,,,2.702703,
clbg,clbg_spectralnorm__-XX__UseSerialGC__8,spectralnorm,-XX:+UseSerialGC,8,0.380000,39.55706787109375,39.55706787109375,0.0,30.64739990234375,0.00555419921875,,,2.631579,
clbg,clbg_spectralnorm__-XX__UseSerialGC__9,spectralnorm,-XX:+UseSerialGC,9,0.360000,39.39202880859375,39.39202880859375,0.0,30.1734619140625,0.0008544921875,,,2.777778,
clbg,clbg_spectralnorm__-XX__UseZGC__1,spectralnorm,-XX:+UseZGC,1,0.470000,41.64361572265625,41.64361572265625,0.0,32.0286865234375,0.00152587890625,,,2.127660,
clbg,clbg_spectralnorm__-XX__UseZGC__10,spectralnorm,-XX:+UseZGC,10,0.470000,43.2418212890625,43.2418212890625,0.0,33.20965576171875,0.00091552734375,,,2.127660,
clbg,clbg_spectralnorm__-XX__UseZGC__2,spectralnorm,-XX:+UseZGC,2,0.480000,43.580078125,43.580078125,0.0,33.039306640625,0.00445556640625,,,2.083333,
clbg,clbg_spectralnorm__-XX__UseZGC__3,spectralnorm,-XX:+UseZGC,3,0.460000,42.70562744140625,42.70562744140625,0.0,32.25677490234375,0.0010986328125,,,2.173913,
clbg,clbg_spectralnorm__-XX__UseZGC__4,spectralnorm,-XX:+UseZGC,4,0.440000,40.72967529296875,40.72967529296875,0.0,31.43402099609375,0.0,,,2.272727,
clbg,clbg_spectralnorm__-XX__UseZGC__5,spectralnorm,-XX:+UseZGC,5,0.480000,42.62451171875,42.62451171875,0.0,32.74456787109375,0.00146484375,,,2.083333,
clbg,clbg_spectralnorm__-XX__UseZGC__6,spectralnorm,-XX:+UseZGC,6,0.480000,42.847900390625,42.847900390625,0.0,32.8095703125,0.0,,,2.083333,
clbg,clbg_spectralnorm__-XX__UseZGC__7,spectralnorm,-XX:+UseZGC,7,0.490000,50.5908203125,50.5908203125,0.0,39.3472900390625,0.00103759765625,,,2.040816,
clbg,clbg_spectralnorm__-XX__UseZGC__8,spectralnorm,-XX:+UseZGC,8,0.490000,45.564697265625,45.564697265625,0.0,34.846435546875,0.00103759765625,,,2.040816,
clbg,clbg_spectralnorm__-XX__UseZGC__9,spectralnorm,-XX:+UseZGC,9,0.470000,43.90606689453125,43.90606689453125,0.0,33.55279541015625,0.001220703125,,,2.127660,
dacapo,dacapo_fop__-XX__UseG1GC__1,fop,-XX:+UseG1GC,1,2.010000,141.176513671875,141.176513671875,0.0,121.5626220703125,0.03125,470.585,225.396,0.497512,1.653
dacapo,dacapo_fop__-XX__UseG1GC__10,fop,-XX:+UseG1GC,10,1.990000,194.594970703125,194.594970703125,0.0,0.0,0.16009521484375,462.185,233.227,0.502513,1.530
dacapo,dacapo_fop__-XX__UseG1GC__2,fop,-XX:+UseG1GC,2,2.050000,145.39447021484375,145.39447021484375,0.0,125.27532958984375,0.018798828125,456.645,242.492,0.487805,1.518
dacapo,dacapo_fop__-XX__UseG1GC__3,fop,-XX:+UseG1GC,3,2.000000,140.13885498046875,140.13885498046875,0.0,120.69989013671875,0.01348876953125,439.610,240.859,0.500000,1.497
dacapo,dacapo_fop__-XX__UseG1GC__4,fop,-XX:+UseG1GC,4,2.020000,140.64508056640625,140.64508056640625,0.0,120.998046875,0.0098876953125,433.715,283.869,0.495050,1.542
dacapo,dacapo_fop__-XX__UseG1GC__5,fop,-XX:+UseG1GC,5,1.950000,138.1092529296875,138.1092529296875,0.0,118.447265625,0.0072021484375,431.605,232.588,0.512821,1.503
dacapo,dacapo_fop__-XX__UseG1GC__6,fop,-XX:+UseG1GC,6,1.950000,140.09747314453125,140.09747314453125,0.0,119.24774169921875,0.01806640625,460.665,242.844,0.512821,1.477
dacapo,dacapo_fop__-XX__UseG1GC__7,fop,-XX:+UseG1GC,7,2.070000,144.47760009765625,144.47760009765625,0.0,124.70184326171875,0.00994873046875,434.065,277.814,0.483092,1.453
dacapo,dacapo_fop__-XX__UseG1GC__8,fop,-XX:+UseG1GC,8,1.930000,137.2138671875,137.2138671875,0.0,117.409423828125,0.0146484375,476.085,232.113,0.518135,1.590
dacapo,dacapo_fop__-XX__UseG1GC__9,fop,-XX:+UseG1GC,9,1.900000,134.09918212890625,134.09918212890625,0.0,114.80499267578125,0.0111083984375,483.085,247.400,0.526316,1.570
dacapo,dacapo_fop__-XX__UseParallelGC__1,fop,-XX:+UseParallelGC,1,1.830000,132.83642578125,132.83642578125,0.0,113.50634765625,0.023681640625,447.600,270.178,0.546448,2.816
dacapo,dacapo_fop__-XX__UseParallelGC__10,fop,-XX:+UseParallelGC,10,1.880000,132.822265625,132.822265625,0.0,113.92156982421875,0.0101318359375,441.105,268.143,0.531915,2.920
dacapo,dacapo_fop__-XX__UseParallelGC__2,fop,-XX:+UseParallelGC,2,1.920000,135.97344970703125,135.97344970703125,0.0,116.98590087890625,0.01116943359375,429.135,262.221,0.520833,3.090
dacapo,dacapo_fop__-XX__UseParallelGC__3,fop,-XX:+UseParallelGC,3,1.870000,134.31195068359375,134.31195068359375,0.0,115.2176513671875,0.02166748046875,430.135,266.719,0.534759,2.896
dacapo,dacapo_fop__-XX__UseParallelGC__4,fop,-XX:+UseParallelGC,4,1.930000,139.84246826171875,139.84246826171875,0.0,119.4185791015625,0.03076171875,430.555,282.791,0.518135,2.800
dacapo,dacapo_fop__-XX__UseParallelGC__5,fop,-XX:+UseParallelGC,5,1.890000,133.9947509765625,133.9947509765625,0.0,115.33551025390625,0.01324462890625,423.160,270.137,0.529101,2.997
dacapo,dacapo_fop__-XX__UseParallelGC__6,fop,-XX:+UseParallelGC,6,1.860000,132.99365234375,132.99365234375,0.0,113.472900390625,0.0321044921875,449.530,264.371,0.537634,3.140
dacapo,dacapo_fop__-XX__UseParallelGC__7,fop,-XX:+UseParallelGC,7,1.890000,135.925048828125,135.925048828125,0.0,116.08892822265625,0.0377197265625,442.115,276.184,0.529101,2.898
dacapo,dacapo_fop__-XX__UseParallelGC__8,fop,-XX:+UseParallelGC,8,1.820000,130.7138671875,130.7138671875,0.0,111.77392578125,0.00897216796875,458.610,278.975,0.549451,2.840
dacapo,dacapo_fop__-XX__UseParallelGC__9,fop,-XX:+UseParallelGC,9,1.870000,134.68505859375,134.68505859375,0.0,115.39581298828125,0.02642822265625,435.600,271.516,0.534759,2.675
dacapo,dacapo_fop__-XX__UseSerialGC__1,fop,-XX:+UseSerialGC,1,3.070000,123.6318359375,123.6318359375,0.0,99.03094482421875,0.0577392578125,540.733,287.507,0.325733,7.034
dacapo,dacapo_fop__-XX__UseSerialGC__10,fop,-XX:+UseSerialGC,10,1.940000,137.3994140625,137.3994140625,0.0,117.42578125,0.01776123046875,389.305,253.727,0.515464,5.804
dacapo,dacapo_fop__-XX__UseSerialGC__2,fop,-XX:+UseSerialGC,2,3.060000,123.94732666015625,123.94732666015625,0.0,99.1746826171875,0.0804443359375,529.137,289.062,0.326797,7.170
dacapo,dacapo_fop__-XX__UseSerialGC__3,fop,-XX:+UseSerialGC,3,2.030000,131.216796875,131.216796875,0.0,111.49920654296875,0.01287841796875,421.075,264.754,0.492611,6.281
dacapo,dacapo_fop__-XX__UseSerialGC__4,fop,-XX:+UseSerialGC,4,1.900000,134.71343994140625,134.71343994140625,0.0,115.79266357421875,0.02728271484375,428.595,270.109,0.526316,6.008
dacapo,dacapo_fop__-XX__UseSerialGC__5,fop,-XX:+UseSerialGC,5,1.900000,138.15753173828125,138.15753173828125,0.0,117.8828125,0.03289794921875,424.590,266.465,0.526316,5.791
dacapo,dacapo_fop__-XX__UseSerialGC__6,fop,-XX:+UseSerialGC,6,1.860000,133.948486328125,133.948486328125,0.0,114.524658203125,0.01007080078125,422.110,258.549,0.537634,6.281
dacapo,dacapo_fop__-XX__UseSerialGC__7,fop,-XX:+UseSerialGC,7,1.920000,135.87353515625,135.87353515625,0.0,116.55548095703125,0.01947021484375,451.075,261.121,0.520833,6.131
dacapo,dacapo_fop__-XX__UseSerialGC__8,fop,-XX:+UseSerialGC,8,1.900000,136.62823486328125,136.62823486328125,0.0,117.3397216796875,0.0234375,431.580,273.078,0.526316,5.869
dacapo,dacapo_fop__-XX__UseSerialGC__9,fop,-XX:+UseSerialGC,9,1.870000,132.59320068359375,132.59320068359375,0.0,113.34600830078125,0.02093505859375,443.105,270.932,0.534759,6.570
dacapo,dacapo_fop__-XX__UseZGC__1,fop,-XX:+UseZGC,1,2.110000,144.32452392578125,144.32452392578125,0.0,123.87451171875,0.0389404296875,369.070,389.662,0.473934,13.155
dacapo,dacapo_fop__-XX__UseZGC__10,fop,-XX:+UseZGC,10,2.010000,139.76031494140625,139.76031494140625,0.0,119.37841796875,0.01751708984375,394.910,401.330,0.497512,13.242
dacapo,dacapo_fop__-XX__UseZGC__2,fop,-XX:+UseZGC,2,2.080000,142.52459716796875,142.52459716796875,0.0,122.34014892578125,0.01513671875,382.365,397.041,0.480769,13.162
dacapo,dacapo_fop__-XX__UseZGC__3,fop,-XX:+UseZGC,3,2.040000,139.79736328125,139.79736328125,0.0,120.0599365234375,0.02593994140625,369.215,391.193,0.490196,13.122
dacapo,dacapo_fop__-XX__UseZGC__4,fop,-XX:+UseZGC,4,2.150000,144.7445068359375,144.7445068359375,0.0,124.8057861328125,0.01531982421875,369.235,384.229,0.465116,13.213
dacapo,dacapo_fop__-XX__UseZGC__5,fop,-XX:+UseZGC,5,2.030000,139.71826171875,139.71826171875,0.0,120.0084228515625,0.0069580078125,398.345,416.234,0.492611,13.181
dacapo,dacapo_fop__-XX__UseZGC__6,fop,-XX:+UseZGC,6,2.070000,142.797607421875,142.797607421875,0.0,122.375244140625,0.03125,374.950,392.203,0.483092,13.152
dacapo,dacapo_fop__-XX__UseZGC__7,fop,-XX:+UseZGC,7,2.080000,142.80474853515625,142.80474853515625,0.0,122.59100341796875,0.02056884765625,379.900,384.514,0.480769,13.223
dacapo,dacapo_fop__-XX__UseZGC__8,fop,-XX:+UseZGC,8,2.070000,141.24005126953125,141.24005126953125,0.0,121.3035888671875,0.0084228515625,370.910,397.086,0.483092,13.169
dacapo,dacapo_fop__-XX__UseZGC__9,fop,-XX:+UseZGC,9,2.000000,136.80462646484375,136.80462646484375,0.0,117.7493896484375,0.0118408203125,383.185,407.145,0.500000,13.211
dacapo,dacapo_h2__-XX__UseG1GC__1,h2,-XX:+UseG1GC,1,26.530000,380.5406494140625,380.5406494140625,0.0,264.41436767578125,0.00408935546875,942.767,2487.950,0.037693,8.160
dacapo,dacapo_h2__-XX__UseG1GC__10,h2,-XX:+UseG1GC,10,27.260000,382.60272216796875,382.60272216796875,0.0,264.97027587890625,0.0059814453125,889.130,2413.472,0.036684,8.332
dacapo,dacapo_h2__-XX__UseG1GC__2,h2,-XX:+UseG1GC,2,27.030000,381.58489990234375,381.58489990234375,0.0,263.45367431640625,0.012939453125,908.005,2720.174,0.036996,8.400
dacapo,dacapo_h2__-XX__UseG1GC__3,h2,-XX:+UseG1GC,3,27.510000,384.8985595703125,384.8985595703125,0.0,266.26116943359375,0.01983642578125,912.106,2418.495,0.036350,8.150
dacapo,dacapo_h2__-XX__UseG1GC__4,h2,-XX:+UseG1GC,4,26.720000,373.0472412109375,373.0472412109375,0.0,257.59918212890625,0.00689697265625,902.301,2592.787,0.037425,8.842
dacapo,dacapo_h2__-XX__UseG1GC__5,h2,-XX:+UseG1GC,5,19.860000,486.30889892578125,486.30889892578125,0.0,395.9771728515625,0.00299072265625,795.560,2551.732,0.050352,5.751
dacapo,dacapo_h2__-XX__UseG1GC__6,h2,-XX:+UseG1GC,6,26.910000,362.835205078125,362.835205078125,0.0,243.84210205078125,0.02850341796875,887.952,2176.889,0.037161,8.293
dacapo,dacapo_h2__-XX__UseG1GC__7,h2,-XX:+UseG1GC,7,27.300000,384.74627685546875,384.74627685546875,0.0,265.52264404296875,0.00909423828125,888.508,2470.763,0.036630,9.008
dacapo,dacapo_h2__-XX__UseG1GC__8,h2,-XX:+UseG1GC,8,26.200000,368.2152099609375,368.2152099609375,0.0,252.27362060546875,0.005126953125,890.733,2544.575,0.038168,7.986
dacapo,dacapo_h2__-XX__UseG1GC__9,h2,-XX:+UseG1GC,9,26.490000,380.65423583984375,380.65423583984375,0.0,264.7291259765625,0.01165771484375,922.695,2257.041,0.037750,8.555
dacapo,dacapo_h2__-XX__UseParallelGC__1,h2,-XX:+UseParallelGC,1,25.800000,351.4063720703125,351.4063720703125,0.0,238.24176025390625,0.01190185546875,884.259,2753.486,0.038760,71.408
dacapo,dacapo_h2__-XX__UseParallelGC__10,h2,-XX:+UseParallelGC,10,26.070000,352.74615478515625,352.74615478515625,0.0,236.62835693359375,0.0206298828125,882.122,2856.803,0.038358,73.905
dacapo,dacapo_h2__-XX__UseParallelGC__2,h2,-XX:+UseParallelGC,2,17.430000,511.129638671875,511.129638671875,0.0,428.17742919921875,0.0048828125,851.485,2913.698,0.057372,32.962
dacapo,dacapo_h2__-XX__UseParallelGC__3,h2,-XX:+UseParallelGC,3,25.920000,361.17523193359375,361.17523193359375,0.0,245.70037841796875,0.01458740234375,900.395,2885.521,0.038580,74.900
dacapo,dacapo_h2__-XX__UseParallelGC__4,h2,-XX:+UseParallelGC,4,25.330000,371.67059326171875,371.67059326171875,0.0,259.29864501953125,0.0037841796875,919.890,2947.386,0.039479,65.910
dacapo,dacapo_h2__-XX__UseParallelGC__5,h2,-XX:+UseParallelGC,5,25.140000,371.625244140625,371.625244140625,0.0,259.85430908203125,0.0068359375,904.040,2948.932,0.039777,66.839
dacapo,dacapo_h2__-XX__UseParallelGC__6,h2,-XX:+UseParallelGC,6,20.510000,497.07647705078125,497.07647705078125,0.0,393.6260986328125,0.015625,800.326,2865.895,0.048757,42.282
dacapo,dacapo_h2__-XX__UseParallelGC__7,h2,-XX:+UseParallelGC,7,25.300000,387.0306396484375,387.0306396484375,0.0,273.68121337890625,0.0035400390625,948.579,2967.245,0.039526,72.979
dacapo,dacapo_h2__-XX__UseParallelGC__8,h2,-XX:+UseParallelGC,8,25.330000,375.546875,375.546875,0.0,261.99517822265625,0.01995849609375,918.202,2923.151,0.039479,72.922
dacapo,dacapo_h2__-XX__UseParallelGC__9,h2,-XX:+UseParallelGC,9,19.770000,462.86260986328125,462.86260986328125,0.0,372.97259521484375,0.00445556640625,760.909,2706.584,0.050582,42.549
dacapo,dacapo_h2__-XX__UseSerialGC__1,h2,-XX:+UseSerialGC,1,15.730000,600.1320190429688,600.1320190429688,0.0,518.1646728515625,0.002685546875,416.624,985.487,0.063573,38.793
dacapo,dacapo_h2__-XX__UseSerialGC__10,h2,-XX:+UseSerialGC,10,29.760000,387.76373291015625,387.76373291015625,0.0,256.48565673828125,0.0042724609375,673.633,1109.402,0.033602,65.189
dacapo,dacapo_h2__-XX__UseSerialGC__2,h2,-XX:+UseSerialGC,2,16.220000,569.5034790039062,569.5034790039062,0.0,482.872802734375,0.0093994140625,425.895,1086.863,0.061652,40.102
dacapo,dacapo_h2__-XX__UseSerialGC__3,h2,-XX:+UseSerialGC,3,16.350000,561.59130859375,561.59130859375,0.0,473.787109375,0.01470947265625,424.334,1062.160,0.061162,40.627
dacapo,dacapo_h2__-XX__UseSerialGC__4,h2,-XX:+UseSerialGC,4,29.170000,424.73358154296875,424.73358154296875,0.0,291.623779296875,0.01080322265625,689.912,1119.402,0.034282,64.634
dacapo,dacapo_h2__-XX__UseSerialGC__5,h2,-XX:+UseSerialGC,5,29.830000,392.16278076171875,392.16278076171875,0.0,259.91168212890625,0.0240478515625,661.529,1086.704,0.033523,64.454
dacapo,dacapo_h2__-XX__UseSerialGC__6,h2,-XX:+UseSerialGC,6,29.500000,389.0167236328125,389.0167236328125,0.0,258.38641357421875,0.01190185546875,666.621,1100.658,0.033898,66.078
dacapo,dacapo_h2__-XX__UseSerialGC__7,h2,-XX:+UseSerialGC,7,20.400000,538.1851806640625,538.1851806640625,0.0,432.76275634765625,0.00567626953125,551.082,1096.206,0.049020,47.976
dacapo,dacapo_h2__-XX__UseSerialGC__8,h2,-XX:+UseSerialGC,8,28.850000,430.7625732421875,430.7625732421875,0.0,301.082275390625,0.0078125,692.952,1128.230,0.034662,62.787
dacapo,dacapo_h2__-XX__UseSerialGC__9,h2,-XX:+UseSerialGC,9,29.850000,397.0302734375,397.0302734375,0.0,264.6568603515625,0.015869140625,662.976,1119.807,0.033501,66.706
dacapo,dacapo_h2__-XX__UseZGC__1,h2,-XX:+UseZGC,1,38.780000,514.682373046875,514.682373046875,0.0,340.8232421875,0.018310546875,806.742,16820.662,0.025786,68.002
dacapo,dacapo_h2__-XX__UseZGC__10,h2,-XX:+UseZGC,10,39.090000,513.4985961914062,513.4985961914062,0.0,337.20977783203125,0.0098876953125,814.182,16429.698,0.025582,70.091
dacapo,dacapo_h2__-XX__UseZGC__2,h2,-XX:+UseZGC,2,39.420000,511.90496826171875,511.90496826171875,0.0,337.03387451171875,0.14703369140625,816.999,16283.108,0.025368,73.022
dacapo,dacapo_h2__-XX__UseZGC__3,h2,-XX:+UseZGC,3,38.830000,502.4290771484375,502.4290771484375,0.0,329.71234130859375,0.01287841796875,819.445,16089.836,0.025753,69.146
dacapo,dacapo_h2__-XX__UseZGC__4,h2,-XX:+UseZGC,4,38.600000,501.80938720703125,501.80938720703125,0.0,329.3277587890625,0.00421142578125,824.224,16526.131,0.025907,67.928
dacapo,dacapo_h2__-XX__UseZGC__5,h2,-XX:+UseZGC,5,38.250000,503.749267578125,503.749267578125,0.0,332.67144775390625,0.0101318359375,837.864,15852.461,0.026144,73.092
dacapo,dacapo_h2__-XX__UseZGC__6,h2,-XX:+UseZGC,6,38.750000,506.67913818359375,506.67913818359375,0.0,333.02239990234375,0.02197265625,824.814,16403.028,0.025806,69.056
dacapo,dacapo_h2__-XX__UseZGC__7,h2,-XX:+UseZGC,7,38.690000,503.4658203125,503.4658203125,0.0,329.66046142578125,0.00921630859375,805.367,15619.758,0.025846,73.384
dacapo,dacapo_h2__-XX__UseZGC__8,h2,-XX:+UseZGC,8,38.200000,501.89739990234375,501.89739990234375,0.0,330.13336181640625,0.00628662109375,832.736,16295.287,0.026178,71.663
dacapo,dacapo_h2__-XX__UseZGC__9,h2,-XX:+UseZGC,9,38.020000,503.51715087890625,503.51715087890625,0.0,331.447509765625,0.00537109375,820.942,15780.466,0.026302,69.188
dacapo,dacapo_lusearch__-XX__UseG1GC__1,lusearch,-XX:+UseG1GC,1,4.440000,243.53094482421875,243.53094482421875,0.0,213.1353759765625,0.042724609375,1161.530,799.207,0.225225,0.480
dacapo,dacapo_lusearch__-XX__UseG1GC__10,lusearch,-XX:+UseG1GC,10,10.080000,218.9122314453125,218.9122314453125,0.0,166.00390625,0.26165771484375,1437.212,898.991,0.099206,0.944
dacapo,dacapo_lusearch__-XX__UseG1GC__2,lusearch,-XX:+UseG1GC,2,11.330000,214.0535888671875,214.0535888671875,0.0,155.51068115234375,0.3544921875,1492.103,877.566,0.088261,1.077
dacapo,dacapo_lusearch__-XX__UseG1GC__3,lusearch,-XX:+UseG1GC,3,10.230000,222.2633056640625,222.2633056640625,0.0,168.528564453125,0.2564697265625,1482.041,912.373,0.097752,0.951
dacapo,dacapo_lusearch__-XX__UseG1GC__4,lusearch,-XX:+UseG1GC,4,10.260000,224.3223876953125,224.3223876953125,0.0,171.67626953125,0.29827880859375,1441.996,982.310,0.097466,0.952
dacapo,dacapo_lusearch__-XX__UseG1GC__5,lusearch,-XX:+UseG1GC,5,5.430000,215.6385498046875,215.6385498046875,0.0,183.13934326171875,0.13946533203125,1269.850,870.564,0.184162,0.681
dacapo,dacapo_lusearch__-XX__UseG1GC__6,lusearch,-XX:+UseG1GC,6,4.350000,245.067138671875,245.067138671875,0.0,215.6485595703125,0.02203369140625,1164.062,717.558,0.229885,0.466
dacapo,dacapo_lusearch__-XX__UseG1GC__7,lusearch,-XX:+UseG1GC,7,7.870000,219.48162841796875,219.48162841796875,0.0,179.43743896484375,0.25457763671875,1320.026,1035.127,0.127065,0.792
dacapo,dacapo_lusearch__-XX__UseG1GC__8,lusearch,-XX:+UseG1GC,8,12.210000,208.11474609375,208.11474609375,0.0,147.36285400390625,0.3587646484375,1491.767,859.349,0.081900,1.264
dacapo,dacapo_lusearch__-XX__UseG1GC__9,lusearch,-XX:+UseG1GC,9,10.160000,218.59124755859375,218.59124755859375,0.0,165.8648681640625,0.2864990234375,1445.833,933.831,0.098425,0.961
dacapo,dacapo_lusearch__-XX__UseParallelGC__1,lusearch,-XX:+UseParallelGC,1,4.540000,222.23614501953125,222.23614501953125,0.0,194.094482421875,0.03759765625,1175.287,1242.652,0.220264,1.617
dacapo,dacapo_lusearch__-XX__UseParallelGC__10,lusearch,-XX:+UseParallelGC,10,4.270000,237.389404296875,237.389404296875,0.0,209.18377685546875,0.06005859375,1173.328,1359.493,0.234192,1.644
dacapo,dacapo_lusearch__-XX__UseParallelGC__2,lusearch,-XX:+UseParallelGC,2,4.290000,239.79998779296875,239.79998779296875,0.0,210.72650146484375,0.07000732421875,1164.277,1254.707,0.233100,1.693
dacapo,dacapo_lusearch__-XX__UseParallelGC__3,lusearch,-XX:+UseParallelGC,3,4.290000,241.1641845703125,241.1641845703125,0.0,211.39300537109375,0.09912109375,1180.023,1280.951,0.233100,1.559
dacapo,dacapo_lusearch__-XX__UseParallelGC__4,lusearch,-XX:+UseParallelGC,4,4.720000,235.667236328125,235.667236328125,0.0,204.26983642578125,0.13165283203125,1039.650,992.216,0.211864,1.577
dacapo,dacapo_lusearch__-XX__UseParallelGC__5,lusearch,-XX:+UseParallelGC,5,11.100000,207.1409912109375,207.1409912109375,0.0,150.55609130859375,0.3551025390625,1478.515,1657.672,0.090090,2.620
dacapo,dacapo_lusearch__-XX__UseParallelGC__6,lusearch,-XX:+UseParallelGC,6,10.010000,219.67822265625,219.67822265625,0.0,165.718505859375,0.24285888671875,1446.025,1774.993,0.099900,2.505
dacapo,dacapo_lusearch__-XX__UseParallelGC__7,lusearch,-XX:+UseParallelGC,7,8.870000,189.97113037109375,189.97113037109375,0.0,150.7049560546875,0.24346923828125,1364.032,1540.663,0.112740,2.154
dacapo,dacapo_lusearch__-XX__UseParallelGC__8,lusearch,-XX:+UseParallelGC,8,11.580000,199.7220458984375,199.7220458984375,0.0,142.1153564453125,0.28466796875,1544.554,1553.670,0.086356,2.813
dacapo,dacapo_lusearch__-XX__UseParallelGC__9,lusearch,-XX:+UseParallelGC,9,4.890000,213.66595458984375,213.66595458984375,0.0,183.76605224609375,0.1187744140625,1204.848,1434.866,0.204499,1.773
dacapo,dacapo_lusearch__-XX__UseSerialGC__1,lusearch,-XX:+UseSerialGC,1,4.190000,235.96160888671875,235.96160888671875,0.0,206.87939453125,0.0711669921875,1112.828,255.234,0.238663,0.813
dacapo,dacapo_lusearch__-XX__UseSerialGC__10,lusearch,-XX:+UseSerialGC,10,11.830000,196.275634765625,196.275634765625,0.0,137.6927490234375,0.33447265625,1445.392,308.452,0.084531,2.144
dacapo,dacapo_lusearch__-XX__UseSerialGC__2,lusearch,-XX:+UseSerialGC,2,4.260000,240.04022216796875,240.04022216796875,0.0,210.97381591796875,0.0592041015625,1093.332,252.143,0.234742,0.838
dacapo,dacapo_lusearch__-XX__UseSerialGC__3,lusearch,-XX:+UseSerialGC,3,4.280000,243.916748046875,243.916748046875,0.0,213.4989013671875,0.05816650390625,1098.037,253.798,0.233645,0.840
dacapo,dacapo_lusearch__-XX__UseSerialGC__4,lusearch,-XX:+UseSerialGC,4,4.240000,236.24932861328125,236.24932861328125,0.0,207.42572021484375,0.0242919921875,1093.140,257.056,0.235849,0.893
dacapo,dacapo_lusearch__-XX__UseSerialGC__5,lusearch,-XX:+UseSerialGC,5,8.330000,200.7054443359375,200.7054443359375,0.0,160.13714599609375,0.22723388671875,1393.380,285.508,0.120048,1.613
dacapo,dacapo_lusearch__-XX__UseSerialGC__6,lusearch,-XX:+UseSerialGC,6,11.510000,205.13470458984375,205.13470458984375,0.0,145.44384765625,0.3521728515625,1500.855,301.589,0.086881,2.135
dacapo,dacapo_lusearch__-XX__UseSerialGC__7,lusearch,-XX:+UseSerialGC,7,9.370000,187.65582275390625,187.65582275390625,0.0,146.06732177734375,0.22027587890625,1435.350,293.614,0.106724,1.799
dacapo,dacapo_lusearch__-XX__UseSerialGC__8,lusearch,-XX:+UseSerialGC,8,11.870000,200.45574951171875,200.45574951171875,0.0,140.23638916015625,0.35833740234375,1443.729,291.720,0.084246,2.110
dacapo,dacapo_lusearch__-XX__UseSerialGC__9,lusearch,-XX:+UseSerialGC,9,9.470000,187.08953857421875,187.08953857421875,0.0,145.58489990234375,0.279541015625,1438.560,299.518,0.105597,1.805
dacapo,dacapo_lusearch__-XX__UseZGC__1,lusearch,-XX:+UseZGC,1,6.600000,251.6846923828125,251.6846923828125,0.0,215.98602294921875,0.09381103515625,1252.845,4097.335,0.151515,18.078
dacapo,dacapo_lusearch__-XX__UseZGC__10,lusearch,-XX:+UseZGC,10,13.080000,235.5267333984375,235.5267333984375,0.0,174.21600341796875,0.314697265625,1336.551,4985.683,0.076453,20.785
dacapo,dacapo_lusearch__-XX__UseZGC__2,lusearch,-XX:+UseZGC,2,5.150000,274.50286865234375,274.50286865234375,0.0,242.7291259765625,0.1015625,1117.432,3654.316,0.194175,16.020
dacapo,dacapo_lusearch__-XX__UseZGC__3,lusearch,-XX:+UseZGC,3,12.650000,254.74517822265625,254.74517822265625,0.0,193.078857421875,0.31689453125,1375.072,6341.986,0.079051,18.558
dacapo,dacapo_lusearch__-XX__UseZGC__4,lusearch,-XX:+UseZGC,4,12.630000,238.61346435546875,238.61346435546875,0.0,177.26312255859375,0.3609619140625,1389.665,5520.312,0.079177,19.606
dacapo,dacapo_lusearch__-XX__UseZGC__5,lusearch,-XX:+UseZGC,5,13.750000,252.63751220703125,252.63751220703125,0.0,188.84173583984375,0.4163818359375,1244.344,5458.275,0.072727,19.999
dacapo,dacapo_lusearch__-XX__UseZGC__6,lusearch,-XX:+UseZGC,6,12.830000,230.41192626953125,230.41192626953125,0.0,170.21905517578125,0.3109130859375,1321.099,4986.274,0.077942,20.545
dacapo,dacapo_lusearch__-XX__UseZGC__7,lusearch,-XX:+UseZGC,7,7.370000,242.4534912109375,242.4534912109375,0.0,204.86767578125,0.07794189453125,1271.234,4405.863,0.135685,19.278
dacapo,dacapo_lusearch__-XX__UseZGC__8,lusearch,-XX:+UseZGC,8,5.190000,279.1942138671875,279.1942138671875,0.0,246.414306640625,0.0439453125,1143.228,3684.720,0.192678,16.395
dacapo,dacapo_lusearch__-XX__UseZGC__9,lusearch,-XX:+UseZGC,9,12.660000,255.23583984375,255.23583984375,0.0,194.252685546875,0.303955078125,1392.439,6431.911,0.078989,18.015
dacapo,dacapo_xalan__-XX__UseG1GC__1,xalan,-XX:+UseG1GC,1,1.880000,142.280029296875,142.280029296875,0.0,122.72021484375,0.02740478515625,1291.885,514.482,0.531915,0.486
dacapo,dacapo_xalan__-XX__UseG1GC__10,xalan,-XX:+UseG1GC,10,1.800000,136.6287841796875,136.6287841796875,0.0,117.57501220703125,0.0106201171875,1279.840,555.291,0.555556,0.473
dacapo,dacapo_xalan__-XX__UseG1GC__2,xalan,-XX:+UseG1GC,2,1.920000,143.16680908203125,143.16680908203125,0.0,123.37530517578125,0.01153564453125,1301.950,527.932,0.520833,0.560
dacapo,dacapo_xalan__-XX__UseG1GC__3,xalan,-XX:+UseG1GC,3,1.830000,140.12701416015625,140.12701416015625,0.0,120.39410400390625,0.01898193359375,1298.255,553.961,0.546448,0.444
dacapo,dacapo_xalan__-XX__UseG1GC__4,xalan,-XX:+UseG1GC,4,1.920000,144.5103759765625,144.5103759765625,0.0,124.4957275390625,0.02197265625,1301.090,560.746,0.520833,0.513
dacapo,dacapo_xalan__-XX__UseG1GC__5,xalan,-XX:+UseG1GC,5,1.910000,142.7279052734375,142.7279052734375,0.0,123.56622314453125,0.02606201171875,1288.600,520.992,0.523560,0.494
dacapo,dacapo_xalan__-XX__UseG1GC__6,xalan,-XX:+UseG1GC,6,1.900000,143.00604248046875,143.00604248046875,0.0,123.25445556640625,0.009765625,1296.845,569.334,0.526316,0.519
dacapo,dacapo_xalan__-XX__UseG1GC__7,xalan,-XX:+UseG1GC,7,1.910000,143.8262939453125,143.8262939453125,0.0,124.41619873046875,0.02276611328125,1282.420,557.865,0.523560,0.504
dacapo,dacapo_xalan__-XX__UseG1GC__8,xalan,-XX:+UseG1GC,8,1.850000,137.53631591796875,137.53631591796875,0.0,119.12017822265625,0.02337646484375,1301.295,565.814,0.540541,0.502
dacapo,dacapo_xalan__-XX__UseG1GC__9,xalan,-XX:+UseG1GC,9,1.890000,142.288330078125,142.288330078125,0.0,122.95574951171875,0.0048828125,1307.480,547.988,0.529101,0.505
dacapo,dacapo_xalan__-XX__UseParallelGC__1,xalan,-XX:+UseParallelGC,1,1.650000,126.64239501953125,126.64239501953125,0.0,108.8028564453125,0.025390625,833.660,399.988,0.606061,1.774
dacapo,dacapo_xalan__-XX__UseParallelGC__10,xalan,-XX:+UseParallelGC,10,1.670000,130.044921875,130.044921875,0.0,111.61761474609375,0.003173828125,816.830,394.910,0.598802,1.699
dacapo,dacapo_xalan__-XX__UseParallelGC__2,xalan,-XX:+UseParallelGC,2,1.700000,131.1295166015625,131.1295166015625,0.0,112.5450439453125,0.0247802734375,1252.770,195.203,0.588235,1.673
dacapo,dacapo_xalan__-XX__UseParallelGC__3,xalan,-XX:+UseParallelGC,3,1.690000,128.5784912109375,128.5784912109375,0.0,110.5701904296875,0.00750732421875,1242.330,201.234,0.591716,2.037
dacapo,dacapo_xalan__-XX__UseParallelGC__4,xalan,-XX:+UseParallelGC,4,1.700000,129.19256591796875,129.19256591796875,0.0,111.2362060546875,0.0107421875,1240.080,202.949,0.588235,1.963
dacapo,dacapo_xalan__-XX__UseParallelGC__5,xalan,-XX:+UseParallelGC,5,1.790000,136.74542236328125,136.74542236328125,0.0,117.445556640625,0.02679443359375,1295.815,791.693,0.558659,2.073
dacapo,dacapo_xalan__-XX__UseParallelGC__6,xalan,-XX:+UseParallelGC,6,1.720000,132.0252685546875,132.0252685546875,0.0,113.6156005859375,0.00341796875,1263.410,195.943,0.581395,1.932
dacapo,dacapo_xalan__-XX__UseParallelGC__7,xalan,-XX:+UseParallelGC,7,1.710000,133.50225830078125,133.50225830078125,0.0,115.19024658203125,0.0057373046875,1249.755,198.125,0.584795,1.916
dacapo,dacapo_xalan__-XX__UseParallelGC__8,xalan,-XX:+UseParallelGC,8,1.860000,140.09130859375,140.09130859375,0.0,120.754150390625,0.0435791015625,1291.285,793.486,0.537634,2.017
dacapo,dacapo_xalan__-XX__UseParallelGC__9,xalan,-XX:+UseParallelGC,9,1.740000,132.29290771484375,132.29290771484375,0.0,113.5224609375,0.02471923828125,1269.260,788.596,0.574713,1.939
dacapo,dacapo_xalan__-XX__UseSerialGC__1,xalan,-XX:+UseSerialGC,1,4.130000,108.6702880859375,108.6702880859375,0.0,81.99200439453125,0.035888671875,1492.062,331.183,0.242131,5.524
dacapo,dacapo_xalan__-XX__UseSerialGC__10,xalan,-XX:+UseSerialGC,10,1.690000,132.245361328125,132.245361328125,0.0,114.02374267578125,0.02294921875,1212.220,146.805,0.591716,2.321
dacapo,dacapo_xalan__-XX__UseSerialGC__2,xalan,-XX:+UseSerialGC,2,2.210000,131.13531494140625,131.13531494140625,0.0,110.4815673828125,0.02130126953125,1263.715,300.553,0.452489,3.006
dacapo,dacapo_xalan__-XX__UseSerialGC__3,xalan,-XX:+UseSerialGC,3,1.700000,133.880615234375,133.880615234375,0.0,114.32373046875,0.02587890625,1202.890,302.818,0.588235,2.350
dacapo,dacapo_xalan__-XX__UseSerialGC__4,xalan,-XX:+UseSerialGC,4,1.730000,134.52850341796875,134.52850341796875,0.0,115.153076171875,0.00604248046875,1248.515,301.035,0.578035,2.209
dacapo,dacapo_xalan__-XX__UseSerialGC__5,xalan,-XX:+UseSerialGC,5,1.710000,133.2269287109375,133.2269287109375,0.0,114.4129638671875,0.02197265625,1236.305,307.111,0.584795,2.515
dacapo,dacapo_xalan__-XX__UseSerialGC__6,xalan,-XX:+UseSerialGC,6,1.740000,134.28375244140625,134.28375244140625,0.0,115.42291259765625,0.0037841796875,1246.295,307.168,0.574713,2.246
dacapo,dacapo_xalan__-XX__UseSerialGC__7,xalan,-XX:+UseSerialGC,7,1.700000,131.8236083984375,131.8236083984375,0.0,112.78802490234375,0.021484375,1239.255,143.520,0.588235,2.294
dacapo,dacapo_xalan__-XX__UseSerialGC__8,xalan,-XX:+UseSerialGC,8,1.710000,132.4547119140625,132.4547119140625,0.0,114.2379150390625,0.027587890625,1228.070,311.275,0.584795,2.355
dacapo,dacapo_xalan__-XX__UseSerialGC__9,xalan,-XX:+UseSerialGC,9,1.730000,132.6475830078125,132.6475830078125,0.0,114.27593994140625,0.00537109375,1236.530,303.779,0.578035,2.408
dacapo,dacapo_xalan__-XX__UseZGC__1,xalan,-XX:+UseZGC,1,2.150000,146.31597900390625,146.31597900390625,0.0,126.54571533203125,0.00726318359375,1190.000,1774.557,0.465116,15.128
dacapo,dacapo_xalan__-XX__UseZGC__10,xalan,-XX:+UseZGC,10,2.100000,142.73114013671875,142.73114013671875,0.0,123.376708984375,0.026123046875,1181.280,1911.297,0.476190,16.368
dacapo,dacapo_xalan__-XX__UseZGC__2,xalan,-XX:+UseZGC,2,2.090000,142.8529052734375,142.8529052734375,0.0,123.36090087890625,0.028076171875,1174.590,1723.371,0.478469,15.353
dacapo,dacapo_xalan__-XX__UseZGC__3,xalan,-XX:+UseZGC,3,2.090000,141.98126220703125,141.98126220703125,0.0,122.7366943359375,0.02459716796875,1191.515,1860.338,0.478469,16.063
dacapo,dacapo_xalan__-XX__UseZGC__4,xalan,-XX:+UseZGC,4,2.110000,144.19537353515625,144.19537353515625,0.0,123.7860107421875,0.011962890625,1162.255,1795.990,0.473934,15.832
dacapo,dacapo_xalan__-XX__UseZGC__5,xalan,-XX:+UseZGC,5,2.130000,144.27825927734375,144.27825927734375,0.0,124.6812744140625,0.026611328125,1180.510,1787.473,0.469484,15.957
dacapo,dacapo_xalan__-XX__UseZGC__6,xalan,-XX:+UseZGC,6,2.090000,141.40374755859375,141.40374755859375,0.0,122.4371337890625,0.00927734375,1170.500,1787.562,0.478469,15.847
dacapo,dacapo_xalan__-XX__UseZGC__7,xalan,-XX:+UseZGC,7,2.110000,142.4378662109375,142.4378662109375,0.0,123.50494384765625,0.00714111328125,1171.490,1877.584,0.473934,16.008
dacapo,dacapo_xalan__-XX__UseZGC__8,xalan,-XX:+UseZGC,8,2.220000,149.3565673828125,149.3565673828125,0.0,128.6766357421875,0.02703857421875,1183.000,1685.070,0.450450,16.067
dacapo,dacapo_xalan__-XX__UseZGC__9,xalan,-XX:+UseZGC,9,2.200000,146.02734375,146.02734375,0.0,126.4267578125,0.007080078125,1189.560,1763.498,0.454545,16.300
rosetta,rosetta_Fibonacci__-XX__UseG1GC__1,Fibonacci,-XX:+UseG1GC,1,0.020000,20.4539794921875,20.4539794921875,0.0,12.4302978515625,0.0,,,50.000000,
rosetta,rosetta_Fibonacci__-XX__UseG1GC__10,Fibonacci,-XX:+UseG1GC,10,0.030000,20.274169921875,20.274169921875,0.0,12.29559326171875,0.0,,,33.333333,
rosetta,rosetta_Fibonacci__-XX__UseG1GC__2,Fibonacci,-XX:+UseG1GC,2,0.030000,20.70025634765625,20.70025634765625,0.0,12.37823486328125,0.0,,,33.333333,
rosetta,rosetta_Fibonacci__-XX__UseG1GC__3,Fibonacci,-XX:+UseG1GC,3,0.030000,20.64471435546875,20.64471435546875,0.0,12.471435546875,0.0,,,33.333333,
rosetta,rosetta_Fibonacci__-XX__UseG1GC__4,Fibonacci,-XX:+UseG1GC,4,0.030000,28.5579833984375,28.5579833984375,0.0,17.7818603515625,0.00567626953125,,,33.333333,
rosetta,rosetta_Fibonacci__-XX__UseG1GC__5,Fibonacci,-XX:+UseG1GC,5,0.030000,20.80438232421875,20.80438232421875,0.0,12.4752197265625,0.0,,,33.333333,
rosetta,rosetta_Fibonacci__-XX__UseG1GC__6,Fibonacci,-XX:+UseG1GC,6,0.030000,19.42803955078125,19.42803955078125,0.0,12.0218505859375,0.0,,,33.333333,
rosetta,rosetta_Fibonacci__-XX__UseG1GC__7,Fibonacci,-XX:+UseG1GC,7,0.030000,20.19488525390625,20.19488525390625,0.0,12.2647705078125,0.0,,,33.333333,
rosetta,rosetta_Fibonacci__-XX__UseG1GC__8,Fibonacci,-XX:+UseG1GC,8,0.030000,21.74530029296875,21.74530029296875,0.0,12.7685546875,0.0,,,33.333333,
rosetta,rosetta_Fibonacci__-XX__UseG1GC__9,Fibonacci,-XX:+UseG1GC,9,0.030000,20.257080078125,20.257080078125,0.0,12.13037109375,0.0,,,33.333333,
rosetta,rosetta_Fibonacci__-XX__UseParallelGC__1,Fibonacci,-XX:+UseParallelGC,1,0.030000,21.8240966796875,21.8240966796875,0.0,12.77532958984375,0.0009765625,,,33.333333,
rosetta,rosetta_Fibonacci__-XX__UseParallelGC__10,Fibonacci,-XX:+UseParallelGC,10,0.020000,20.57537841796875,20.57537841796875,0.0,12.40582275390625,0.0,,,50.000000,
rosetta,rosetta_Fibonacci__-XX__UseParallelGC__2,Fibonacci,-XX:+UseParallelGC,2,0.030000,20.17437744140625,20.17437744140625,0.0,12.385498046875,0.0,,,33.333333,
rosetta,rosetta_Fibonacci__-XX__UseParallelGC__3,Fibonacci,-XX:+UseParallelGC,3,0.030000,20.06707763671875,20.06707763671875,0.0,12.30828857421875,0.0,,,33.333333,
rosetta,rosetta_Fibonacci__-XX__UseParallelGC__4,Fibonacci,-XX:+UseParallelGC,4,0.030000,19.770263671875,19.770263671875,0.0,12.119140625,0.0,,,33.333333,
rosetta,rosetta_Fibonacci__-XX__UseParallelGC__5,Fibonacci,-XX:+UseParallelGC,5,0.030000,21.24542236328125,21.24542236328125,0.0,12.83087158203125,0.0015869140625,,,33.333333,
rosetta,rosetta_Fibonacci__-XX__UseParallelGC__6,Fibonacci,-XX:+UseParallelGC,6,0.030000,20.76483154296875,20.76483154296875,0.0,12.45916748046875,0.0,,,33.333333,
rosetta,rosetta_Fibonacci__-XX__UseParallelGC__7,Fibonacci,-XX:+UseParallelGC,7,0.030000,20.73211669921875,20.73211669921875,0.0,12.45196533203125,0.0,,,33.333333,
rosetta,rosetta_Fibonacci__-XX__UseParallelGC__8,Fibonacci,-XX:+UseParallelGC,8,0.030000,20.05511474609375,20.05511474609375,0.0,12.1754150390625,0.0,,,33.333333,
rosetta,rosetta_Fibonacci__-XX__UseParallelGC__9,Fibonacci,-XX:+UseParallelGC,9,0.030000,20.927001953125,20.927001953125,0.0,12.515869140625,0.00054931640625,,,33.333333,
rosetta,rosetta_Fibonacci__-XX__UseSerialGC__1,Fibonacci,-XX:+UseSerialGC,1,0.030000,24.5875244140625,24.5875244140625,0.0,14.39605712890625,0.00018310546875,,,33.333333,
rosetta,rosetta_Fibonacci__-XX__UseSerialGC__10,Fibonacci,-XX:+UseSerialGC,10,0.030000,25.6575927734375,25.6575927734375,0.0,16.8372802734375,0.0,,,33.333333,
rosetta,rosetta_Fibonacci__-XX__UseSerialGC__2,Fibonacci,-XX:+UseSerialGC,2,0.030000,20.86907958984375,20.86907958984375,0.0,12.76727294921875,0.0,,,33.333333,
rosetta,rosetta_Fibonacci__-XX__UseSerialGC__3,Fibonacci,-XX:+UseSerialGC,3,0.020000,21.69622802734375,21.69622802734375,0.0,12.97979736328125,0.00177001953125,,,50.000000,
rosetta,rosetta_Fibonacci__-XX__UseSerialGC__4,Fibonacci,-XX:+UseSerialGC,4,0.030000,21.31170654296875,21.31170654296875,0.0,12.76422119140625,0.0,,,33.333333,
rosetta,rosetta_Fibonacci__-XX__UseSerialGC__5,Fibonacci,-XX:+UseSerialGC,5,0.030000,21.51239013671875,21.51239013671875,0.0,12.90057373046875,0.00311279296875,,,33.333333,
rosetta,rosetta_Fibonacci__-XX__UseSerialGC__6,Fibonacci,-XX:+UseSerialGC,6,0.020000,19.71746826171875,19.71746826171875,0.0,12.3392333984375,0.0,,,50.000000,
rosetta,rosetta_Fibonacci__-XX__UseSerialGC__7,Fibonacci,-XX:+UseSerialGC,7,0.030000,21.53631591796875,21.53631591796875,0.0,12.8011474609375,0.001220703125,,,33.333333,
rosetta,rosetta_Fibonacci__-XX__UseSerialGC__8,Fibonacci,-XX:+UseSerialGC,8,0.030000,19.66717529296875,19.66717529296875,0.0,12.26190185546875,0.0,,,33.333333,
rosetta,rosetta_Fibonacci__-XX__UseSerialGC__9,Fibonacci,-XX:+UseSerialGC,9,0.030000,20.05517578125,20.05517578125,0.0,12.37603759765625,0.0,,,33.333333,
rosetta,rosetta_Fibonacci__-XX__UseZGC__1,Fibonacci,-XX:+UseZGC,1,0.130000,22.4268798828125,22.4268798828125,0.0,14.10406494140625,0.0,,,7.692308,
rosetta,rosetta_Fibonacci__-XX__UseZGC__10,Fibonacci,-XX:+UseZGC,10,0.120000,23.3643798828125,23.3643798828125,0.0,14.64788818359375,0.0,,,8.333333,
rosetta,rosetta_Fibonacci__-XX__UseZGC__2,Fibonacci,-XX:+UseZGC,2,0.120000,22.34637451171875,22.34637451171875,0.0,14.11102294921875,0.0,,,8.333333,
rosetta,rosetta_Fibonacci__-XX__UseZGC__3,Fibonacci,-XX:+UseZGC,3,0.120000,22.4835205078125,22.4835205078125,0.0,14.22564697265625,0.0,,,8.333333,
rosetta,rosetta_Fibonacci__-XX__UseZGC__4,Fibonacci,-XX:+UseZGC,4,0.120000,22.13909912109375,22.13909912109375,0.0,13.9188232421875,0.00213623046875,,,8.333333,
rosetta,rosetta_Fibonacci__-XX__UseZGC__5,Fibonacci,-XX:+UseZGC,5,0.120000,22.60296630859375,22.60296630859375,0.0,14.13397216796875,0.0,,,8.333333,
rosetta,rosetta_Fibonacci__-XX__UseZGC__6,Fibonacci,-XX:+UseZGC,6,0.120000,22.91046142578125,22.91046142578125,0.0,14.41864013671875,0.0,,,8.333333,
rosetta,rosetta_Fibonacci__-XX__UseZGC__7,Fibonacci,-XX:+UseZGC,7,0.120000,292.10345458984375,292.10345458984375,0.0,248.919677734375,1.0242919921875,,,8.333333,
rosetta,rosetta_Fibonacci__-XX__UseZGC__8,Fibonacci,-XX:+UseZGC,8,0.130000,182.464111328125,182.464111328125,0.0,153.69525146484375,0.5833740234375,,,7.692308,
rosetta,rosetta_Fibonacci__-XX__UseZGC__9,Fibonacci,-XX:+UseZGC,9,0.120000,24.16522216796875,24.16522216796875,0.0,15.091064453125,0.0,,,8.333333,
rosetta,rosetta_NQueens__-XX__UseG1GC__1,NQueens,-XX:+UseG1GC,1,0.030000,33.1861572265625,33.1861572265625,0.0,16.6318359375,0.03759765625,,,33.333333,
rosetta,rosetta_NQueens__-XX__UseG1GC__10,NQueens,-XX:+UseG1GC,10,0.040000,33.11737060546875,33.11737060546875,0.0,16.708251953125,0.0479736328125,,,25.000000,
rosetta,rosetta_NQueens__-XX__UseG1GC__2,NQueens,-XX:+UseG1GC,2,0.020000,35.8355712890625,35.8355712890625,0.0,18.62542724609375,0.0499267578125,,,50.000000,
rosetta,rosetta_NQueens__-XX__UseG1GC__3,NQueens,-XX:+UseG1GC,3,0.030000,38.63067626953125,38.63067626953125,0.0,21.41107177734375,0.04217529296875,,,33.333333,
rosetta,rosetta_NQueens__-XX__UseG1GC__4,NQueens,-XX:+UseG1GC,4,0.030000,33.5478515625,33.5478515625,0.0,17.03857421875,0.05560302734375,,,33.333333,
rosetta,rosetta_NQueens__-XX__UseG1GC__5,NQueens,-XX:+UseG1GC,5,0.030000,33.171875,33.171875,0.0,16.61346435546875,0.0400390625,,,33.333333,
rosetta,rosetta_NQueens__-XX__UseG1GC__6,NQueens,-XX:+UseG1GC,6,0.030000,32.9306640625,32.9306640625,0.0,16.64239501953125,0.03857421875,,,33.333333,
rosetta,rosetta_NQueens__-XX__UseG1GC__7,NQueens,-XX:+UseG1GC,7,0.040000,33.26446533203125,33.26446533203125,0.0,16.8201904296875,0.03887939453125,,,25.000000,
rosetta,rosetta_NQueens__-XX__UseG1GC__8,NQueens,-XX:+UseG1GC,8,0.030000,32.680419921875,32.680419921875,0.0,16.473876953125,0.0482177734375,,,33.333333,
rosetta,rosetta_NQueens__-XX__UseG1GC__9,NQueens,-XX:+UseG1GC,9,0.030000,32.733642578125,32.733642578125,0.0,16.53570556640625,0.0462646484375,,,33.333333,
rosetta,rosetta_NQueens__-XX__UseParallelGC__1,NQueens,-XX:+UseParallelGC,1,0.030000,32.45892333984375,32.45892333984375,0.0,16.43585205078125,0.0374755859375,,,33.333333,
rosetta,rosetta_NQueens__-XX__UseParallelGC__10,NQueens,-XX:+UseParallelGC,10,0.030000,33.23309326171875,33.23309326171875,0.0,16.64019775390625,0.0433349609375,,,33.333333,
rosetta,rosetta_NQueens__-XX__UseParallelGC__2,NQueens,-XX:+UseParallelGC,2,0.030000,33.3677978515625,33.3677978515625,0.0,16.64208984375,0.0372314453125,,,33.333333,
rosetta,rosetta_NQueens__-XX__UseParallelGC__3,NQueens,-XX:+UseParallelGC,3,0.030000,33.08074951171875,33.08074951171875,0.0,16.66009521484375,0.0439453125,,,33.333333,
rosetta,rosetta_NQueens__-XX__UseParallelGC__4,NQueens,-XX:+UseParallelGC,4,0.020000,32.70318603515625,32.70318603515625,0.0,16.75994873046875,0.047607421875,,,50.000000,
rosetta,rosetta_NQueens__-XX__UseParallelGC__5,NQueens,-XX:+UseParallelGC,5,0.040000,33.12335205078125,33.12335205078125,0.0,16.72003173828125,0.041748046875,,,25.000000,
rosetta,rosetta_NQueens__-XX__UseParallelGC__6,NQueens,-XX:+UseParallelGC,6,0.030000,33.2550048828125,33.2550048828125,0.0,16.97015380859375,0.0458984375,,,33.333333,
rosetta,rosetta_NQueens__-XX__UseParallelGC__7,NQueens,-XX:+UseParallelGC,7,0.020000,32.58056640625,32.58056640625,0.0,16.45721435546875,0.0458984375,,,50.000000,
rosetta,rosetta_NQueens__-XX__UseParallelGC__8,NQueens,-XX:+UseParallelGC,8,0.030000,33.6820068359375,33.6820068359375,0.0,17.11505126953125,0.04376220703125,,,33.333333,
rosetta,rosetta_NQueens__-XX__UseParallelGC__9,NQueens,-XX:+UseParallelGC,9,0.030000,33.31634521484375,33.31634521484375,0.0,16.74957275390625,0.0428466796875,,,33.333333,
rosetta,rosetta_NQueens__-XX__UseSerialGC__1,NQueens,-XX:+UseSerialGC,1,0.030000,211.209228515625,211.209228515625,0.0,172.9945068359375,0.7049560546875,,,33.333333,
rosetta,rosetta_NQueens__-XX__UseSerialGC__10,NQueens,-XX:+UseSerialGC,10,0.040000,33.54132080078125,33.54132080078125,0.0,16.69342041015625,0.03814697265625,,,25.000000,
rosetta,rosetta_NQueens__-XX__UseSerialGC__2,NQueens,-XX:+UseSerialGC,2,0.030000,36.330810546875,36.330810546875,0.0,17.9051513671875,0.0496826171875,,,33.333333,
rosetta,rosetta_NQueens__-XX__UseSerialGC__3,NQueens,-XX:+UseSerialGC,3,0.040000,34.010498046875,34.010498046875,0.0,17.13958740234375,0.042724609375,,,25.000000,
rosetta,rosetta_NQueens__-XX__UseSerialGC__4,NQueens,-XX:+UseSerialGC,4,0.030000,35.39520263671875,35.39520263671875,0.0,17.81939697265625,0.05914306640625,,,33.333333,
rosetta,rosetta_NQueens__-XX__UseSerialGC__5,NQueens,-XX:+UseSerialGC,5,0.020000,33.49237060546875,33.49237060546875,0.0,16.95269775390625,0.04302978515625,,,50.000000,
rosetta,rosetta_NQueens__-XX__UseSerialGC__6,NQueens,-XX:+UseSerialGC,6,0.030000,34.080322265625,34.080322265625,0.0,17.20318603515625,0.04486083984375,,,33.333333,
rosetta,rosetta_NQueens__-XX__UseSerialGC__7,NQueens,-XX:+UseSerialGC,7,0.030000,33.061767578125,33.061767578125,0.0,16.52972412109375,0.033935546875,,,33.333333,
rosetta,rosetta_NQueens__-XX__UseSerialGC__8,NQueens,-XX:+UseSerialGC,8,0.030000,33.323486328125,33.323486328125,0.0,16.7640380859375,0.03466796875,,,33.333333,
rosetta,rosetta_NQueens__-XX__UseSerialGC__9,NQueens,-XX:+UseSerialGC,9,0.030000,37.50872802734375,37.50872802734375,0.0,20.7835693359375,0.0335693359375,,,33.333333,
rosetta,rosetta_NQueens__-XX__UseZGC__1,NQueens,-XX:+UseZGC,1,0.130000,35.993896484375,35.993896484375,0.0,18.65057373046875,0.04412841796875,,,7.692308,
rosetta,rosetta_NQueens__-XX__UseZGC__10,NQueens,-XX:+UseZGC,10,0.130000,36.28814697265625,36.28814697265625,0.0,18.6302490234375,0.03704833984375,,,7.692308,
rosetta,rosetta_NQueens__-XX__UseZGC__2,NQueens,-XX:+UseZGC,2,0.130000,35.70098876953125,35.70098876953125,0.0,18.92218017578125,0.04852294921875,,,7.692308,
rosetta,rosetta_NQueens__-XX__UseZGC__3,NQueens,-XX:+UseZGC,3,0.130000,35.32403564453125,35.32403564453125,0.0,18.79986572265625,0.044921875,,,7.692308,
rosetta,rosetta_NQueens__-XX__UseZGC__4,NQueens,-XX:+UseZGC,4,0.130000,35.9237060546875,35.9237060546875,0.0,18.47021484375,0.0390625,,,7.692308,
rosetta,rosetta_NQueens__-XX__UseZGC__5,NQueens,-XX:+UseZGC,5,0.130000,35.7120361328125,35.7120361328125,0.0,18.7420654296875,0.0384521484375,,,7.692308,
rosetta,rosetta_NQueens__-XX__UseZGC__6,NQueens,-XX:+UseZGC,6,0.130000,34.29559326171875,34.29559326171875,0.0,18.35455322265625,0.0439453125,,,7.692308,
rosetta,rosetta_NQueens__-XX__UseZGC__7,NQueens,-XX:+UseZGC,7,0.130000,40.498046875,40.498046875,0.0,22.91790771484375,0.04046630859375,,,7.692308,
rosetta,rosetta_NQueens__-XX__UseZGC__8,NQueens,-XX:+UseZGC,8,0.130000,34.8031005859375,34.8031005859375,0.0,18.38671875,0.03717041015625,,,7.692308,
rosetta,rosetta_NQueens__-XX__UseZGC__9,NQueens,-XX:+UseZGC,9,0.120000,34.9344482421875,34.9344482421875,0.0,18.62139892578125,0.03851318359375,,,8.333333,
rosetta,rosetta_Permutations__-XX__UseG1GC__1,Permutations,-XX:+UseG1GC,1,0.050000,33.99346923828125,33.99346923828125,0.0,17.288330078125,0.045654296875,,,20.000000,
rosetta,rosetta_Permutations__-XX__UseG1GC__10,Permutations,-XX:+UseG1GC,10,0.040000,32.45941162109375,32.45941162109375,0.0,16.80853271484375,0.038818359375,,,25.000000,
rosetta,rosetta_Permutations__-XX__UseG1GC__2,Permutations,-XX:+UseG1GC,2,0.040000,33.63507080078125,33.63507080078125,0.0,17.23284912109375,0.04010009765625,,,25.000000,
rosetta,rosetta_Permutations__-XX__UseG1GC__3,Permutations,-XX:+UseG1GC,3,0.050000,34.89691162109375,34.89691162109375,0.0,17.7828369140625,0.0572509765625,,,20.000000,
rosetta,rosetta_Permutations__-XX__UseG1GC__4,Permutations,-XX:+UseG1GC,4,0.040000,32.67047119140625,32.67047119140625,0.0,16.82305908203125,0.038818359375,,,25.000000,
rosetta,rosetta_Permutations__-XX__UseG1GC__5,Permutations,-XX:+UseG1GC,5,0.040000,37.8258056640625,37.8258056640625,0.0,21.57806396484375,0.03741455078125,,,25.000000,
rosetta,rosetta_Permutations__-XX__UseG1GC__6,Permutations,-XX:+UseG1GC,6,0.040000,33.1883544921875,33.1883544921875,0.0,17.0408935546875,0.040771484375,,,25.000000,
rosetta,rosetta_Permutations__-XX__UseG1GC__7,Permutations,-XX:+UseG1GC,7,0.040000,32.70318603515625,32.70318603515625,0.0,17.26800537109375,0.03802490234375,,,25.000000,
rosetta,rosetta_Permutations__-XX__UseG1GC__8,Permutations,-XX:+UseG1GC,8,0.050000,32.00030517578125,32.00030517578125,0.0,16.52838134765625,0.03961181640625,,,20.000000,
rosetta,rosetta_Permutations__-XX__UseG1GC__9,Permutations,-XX:+UseG1GC,9,0.040000,32.5103759765625,32.5103759765625,0.0,16.77056884765625,0.03253173828125,,,25.000000,
rosetta,rosetta_Permutations__-XX__UseParallelGC__1,Permutations,-XX:+UseParallelGC,1,0.040000,38.124755859375,38.124755859375,0.0,21.86859130859375,0.04217529296875,,,25.000000,
rosetta,rosetta_Permutations__-XX__UseParallelGC__10,Permutations,-XX:+UseParallelGC,10,0.040000,32.52691650390625,32.52691650390625,0.0,16.9990234375,0.042236328125,,,25.000000,
rosetta,rosetta_Permutations__-XX__UseParallelGC__2,Permutations,-XX:+UseParallelGC,2,0.050000,33.0379638671875,33.0379638671875,0.0,16.93212890625,0.04522705078125,,,20.000000,
rosetta,rosetta_Permutations__-XX__UseParallelGC__3,Permutations,-XX:+UseParallelGC,3,0.040000,33.1710205078125,33.1710205078125,0.0,17.14862060546875,0.04205322265625,,,25.000000,
rosetta,rosetta_Permutations__-XX__UseParallelGC__4,Permutations,-XX:+UseParallelGC,4,0.040000,32.620361328125,32.620361328125,0.0,16.943115234375,0.0416259765625,,,25.000000,
rosetta,rosetta_Permutations__-XX__UseParallelGC__5,Permutations,-XX:+UseParallelGC,5,0.040000,33.5858154296875,33.5858154296875,0.0,17.1693115234375,0.041015625,,,25.000000,
rosetta,rosetta_Permutations__-XX__UseParallelGC__6,Permutations,-XX:+UseParallelGC,6,0.040000,33.211181640625,33.211181640625,0.0,16.91888427734375,0.03985595703125,,,25.000000,
rosetta,rosetta_Permutations__-XX__UseParallelGC__7,Permutations,-XX:+UseParallelGC,7,0.040000,34.93780517578125,34.93780517578125,0.0,17.72491455078125,0.04669189453125,,,25.000000,
rosetta,rosetta_Permutations__-XX__UseParallelGC__8,Permutations,-XX:+UseParallelGC,8,0.040000,33.9056396484375,33.9056396484375,0.0,17.31195068359375,0.04083251953125,,,25.000000,
rosetta,rosetta_Permutations__-XX__UseParallelGC__9,Permutations,-XX:+UseParallelGC,9,0.030000,33.40301513671875,33.40301513671875,0.0,17.2174072265625,0.0419921875,,,33.333333,
rosetta,rosetta_Permutations__-XX__UseSerialGC__1,Permutations,-XX:+UseSerialGC,1,0.040000,34.42828369140625,34.42828369140625,0.0,17.24481201171875,0.03985595703125,,,25.000000,
rosetta,rosetta_Permutations__-XX__UseSerialGC__10,Permutations,-XX:+UseSerialGC,10,0.040000,33.722412109375,33.722412109375,0.0,17.2818603515625,0.04376220703125,,,25.000000,
rosetta,rosetta_Permutations__-XX__UseSerialGC__2,Permutations,-XX:+UseSerialGC,2,0.040000,33.33843994140625,33.33843994140625,0.0,17.1282958984375,0.03741455078125,,,25.000000,
rosetta,rosetta_Permutations__-XX__UseSerialGC__3,Permutations,-XX:+UseSerialGC,3,0.040000,35.711181640625,35.711181640625,0.0,17.91265869140625,0.0545654296875,,,25.000000,
rosetta,rosetta_Permutations__-XX__UseSerialGC__4,Permutations,-XX:+UseSerialGC,4,0.040000,34.064208984375,34.064208984375,0.0,17.07720947265625,0.03839111328125,,,25.000000,
rosetta,rosetta_Permutations__-XX__UseSerialGC__5,Permutations,-XX:+UseSerialGC,5,0.040000,33.6270751953125,33.6270751953125,0.0,17.12890625,0.04254150390625,,,25.000000,
rosetta,rosetta_Permutations__-XX__UseSerialGC__6,Permutations,-XX:+UseSerialGC,6,0.040000,33.2742919921875,33.2742919921875,0.0,17.07843017578125,0.03997802734375,,,25.000000,
rosetta,rosetta_Permutations__-XX__UseSerialGC__7,Permutations,-XX:+UseSerialGC,7,0.040000,33.7376708984375,33.7376708984375,0.0,17.3697509765625,0.042724609375,,,25.000000,
rosetta,rosetta_Permutations__-XX__UseSerialGC__8,Permutations,-XX:+UseSerialGC,8,0.040000,33.04888916015625,33.04888916015625,0.0,16.77288818359375,0.04901123046875,,,25.000000,
rosetta,rosetta_Permutations__-XX__UseSerialGC__9,Permutations,-XX:+UseSerialGC,9,0.040000,34.9449462890625,34.9449462890625,0.0,17.4129638671875,0.0438232421875,,,25.000000,
rosetta,rosetta_Permutations__-XX__UseZGC__1,Permutations,-XX:+UseZGC,1,0.140000,264.21441650390625,264.21441650390625,0.0,224.3707275390625,0.85894775390625,,,7.142857,
rosetta,rosetta_Permutations__-XX__UseZGC__10,Permutations,-XX:+UseZGC,10,0.140000,119.24798583984375,119.24798583984375,0.0,79.21533203125,0.4437255859375,,,7.142857,
rosetta,rosetta_Permutations__-XX__UseZGC__2,Permutations,-XX:+UseZGC,2,0.140000,36.780029296875,36.780029296875,0.0,19.9827880859375,0.05023193359375,,,7.142857,
rosetta,rosetta_Permutations__-XX__UseZGC__3,Permutations,-XX:+UseZGC,3,0.140000,35.44049072265625,35.44049072265625,0.0,19.2073974609375,0.04498291015625,,,7.142857,
rosetta,rosetta_Permutations__-XX__UseZGC__4,Permutations,-XX:+UseZGC,4,0.140000,37.76910400390625,37.76910400390625,0.0,20.83990478515625,0.04339599609375,,,7.142857,
rosetta,rosetta_Permutations__-XX__UseZGC__5,Permutations,-XX:+UseZGC,5,0.140000,35.662109375,35.662109375,0.0,19.30999755859375,0.0391845703125,,,7.142857,
rosetta,rosetta_Permutations__-XX__UseZGC__6,Permutations,-XX:+UseZGC,6,0.140000,34.7066650390625,34.7066650390625,0.0,18.69073486328125,0.04241943359375,,,7.142857,
rosetta,rosetta_Permutations__-XX__UseZGC__7,Permutations,-XX:+UseZGC,7,0.140000,34.910400390625,34.910400390625,0.0,18.62384033203125,0.03485107421875,,,7.142857,
rosetta,rosetta_Permutations__-XX__UseZGC__8,Permutations,-XX:+UseZGC,8,0.140000,34.87896728515625,34.87896728515625,0.0,18.536865234375,0.03265380859375,,,7.142857,
rosetta,rosetta_Permutations__-XX__UseZGC__9,Permutations,-XX:+UseZGC,9,0.150000,101.14520263671875,101.14520263671875,0.0,65.818603515625,0.24530029296875,,,6.666667,
rosetta,rosetta_Primes__-XX__UseG1GC__1,Primes,-XX:+UseG1GC,1,0.040000,22.366455078125,22.366455078125,0.0,14.30316162109375,0.00469970703125,,,25.000000,
rosetta,rosetta_Primes__-XX__UseG1GC__10,Primes,-XX:+UseG1GC,10,0.040000,317.12603759765625,317.12603759765625,0.0,274.131591796875,0.79132080078125,,,25.000000,
rosetta,rosetta_Primes__-XX__UseG1GC__2,Primes,-XX:+UseG1GC,2,0.040000,22.61614990234375,22.61614990234375,0.0,14.55645751953125,0.00469970703125,,,25.000000,
rosetta,rosetta_Primes__-XX__UseG1GC__3,Primes,-XX:+UseG1GC,3,0.050000,21.96868896484375,21.96868896484375,0.0,14.16571044921875,0.00360107421875,,,20.000000,
rosetta,rosetta_Primes__-XX__UseG1GC__4,Primes,-XX:+UseG1GC,4,0.040000,20.858642578125,20.858642578125,0.0,13.42901611328125,0.0,,,25.000000,
rosetta,rosetta_Primes__-XX__UseG1GC__5,Primes,-XX:+UseG1GC,5,0.040000,21.238525390625,21.238525390625,0.0,13.8121337890625,0.0,,,25.000000,
rosetta,rosetta_Primes__-XX__UseG1GC__6,Primes,-XX:+UseG1GC,6,0.040000,21.66229248046875,21.66229248046875,0.0,14.22186279296875,0.0,,,25.000000,
rosetta,rosetta_Primes__-XX__UseG1GC__7,Primes,-XX:+UseG1GC,7,0.040000,21.9971923828125,21.9971923828125,0.0,14.36810302734375,0.0,,,25.000000,
rosetta,rosetta_Primes__-XX__UseG1GC__8,Primes,-XX:+UseG1GC,8,0.040000,39.716796875,39.716796875,0.0,27.65618896484375,0.0367431640625,,,25.000000,
rosetta,rosetta_Primes__-XX__UseG1GC__9,Primes,-XX:+UseG1GC,9,0.040000,153.35980224609375,153.35980224609375,0.0,119.6695556640625,0.73480224609375,,,25.000000,
rosetta,rosetta_Primes__-XX__UseParallelGC__1,Primes,-XX:+UseParallelGC,1,0.030000,21.57952880859375,21.57952880859375,0.0,13.578857421875,0.0020751953125,,,33.333333,
rosetta,rosetta_Primes__-XX__UseParallelGC__10,Primes,-XX:+UseParallelGC,10,0.040000,20.88873291015625,20.88873291015625,0.0,13.463134765625,0.0,,,25.000000,
rosetta,rosetta_Primes__-XX__UseParallelGC__2,Primes,-XX:+UseParallelGC,2,0.040000,21.5064697265625,21.5064697265625,0.0,13.74658203125,0.0,,,25.000000,
rosetta,rosetta_Primes__-XX__UseParallelGC__3,Primes,-XX:+UseParallelGC,3,0.030000,44.38262939453125,44.38262939453125,0.0,27.70574951171875,0.13348388671875,,,33.333333,
rosetta,rosetta_Primes__-XX__UseParallelGC__4,Primes,-XX:+UseParallelGC,4,0.030000,20.3236083984375,20.3236083984375,0.0,13.13165283203125,0.0,,,33.333333,
rosetta,rosetta_Primes__-XX__UseParallelGC__5,Primes,-XX:+UseParallelGC,5,0.030000,21.5855712890625,21.5855712890625,0.0,13.58026123046875,0.00225830078125,,,33.333333,
rosetta,rosetta_Primes__-XX__UseParallelGC__6,Primes,-XX:+UseParallelGC,6,0.040000,20.9564208984375,20.9564208984375,0.0,13.29193115234375,0.0,,,25.000000,
rosetta,rosetta_Primes__-XX__UseParallelGC__7,Primes,-XX:+UseParallelGC,7,0.040000,20.864013671875,20.864013671875,0.0,13.4951171875,0.0,,,25.000000,
rosetta,rosetta_Primes__-XX__UseParallelGC__8,Primes,-XX:+UseParallelGC,8,0.040000,24.759765625,24.759765625,0.0,17.30316162109375,0.0,,,25.000000,
rosetta,rosetta_Primes__-XX__UseParallelGC__9,Primes,-XX:+UseParallelGC,9,0.040000,26.937255859375,26.937255859375,0.0,16.54949951171875,0.002197265625,,,25.000000,
rosetta,rosetta_Primes__-XX__UseSerialGC__1,Primes,-XX:+UseSerialGC,1,0.040000,22.55950927734375,22.55950927734375,0.0,13.99688720703125,0.0,,,25.000000,
rosetta,rosetta_Primes__-XX__UseSerialGC__10,Primes,-XX:+UseSerialGC,10,0.030000,21.07293701171875,21.07293701171875,0.0,13.57257080078125,0.0,,,33.333333,
rosetta,rosetta_Primes__-XX__UseSerialGC__2,Primes,-XX:+UseSerialGC,2,0.040000,24.2391357421875,24.2391357421875,0.0,14.64556884765625,0.00482177734375,,,25.000000,
rosetta,rosetta_Primes__-XX__UseSerialGC__3,Primes,-XX:+UseSerialGC,3,0.040000,21.04058837890625,21.04058837890625,0.0,13.4156494140625,0.001708984375,,,25.000000,
rosetta,rosetta_Primes__-XX__UseSerialGC__4,Primes,-XX:+UseSerialGC,4,0.030000,92.64202880859375,92.64202880859375,0.0,75.082763671875,0.216064453125,,,33.333333,
rosetta,rosetta_Primes__-XX__UseSerialGC__5,Primes,-XX:+UseSerialGC,5,0.040000,187.23541259765625,187.23541259765625,0.0,157.586181640625,0.4830322265625,,,25.000000,
rosetta,rosetta_Primes__-XX__UseSerialGC__6,Primes,-XX:+UseSerialGC,6,0.040000,86.69830322265625,86.69830322265625,0.0,68.32672119140625,0.15435791015625,,,25.000000,
rosetta,rosetta_Primes__-XX__UseSerialGC__7,Primes,-XX:+UseSerialGC,7,0.040000,211.392333984375,211.392333984375,0.0,175.90643310546875,0.6416015625,,,25.000000,
rosetta,rosetta_Primes__-XX__UseSerialGC__8,Primes,-XX:+UseSerialGC,8,0.040000,21.824462890625,21.824462890625,0.0,13.77337646484375,0.0,,,25.000000,
rosetta,rosetta_Primes__-XX__UseSerialGC__9,Primes,-XX:+UseSerialGC,9,0.040000,21.2850341796875,21.2850341796875,0.0,13.8359375,0.0,,,25.000000,
rosetta,rosetta_Primes__-XX__UseZGC__1,Primes,-XX:+UseZGC,1,0.130000,204.9609375,204.9609375,0.0,158.93438720703125,0.95745849609375,,,7.692308,
rosetta,rosetta_Primes__-XX__UseZGC__10,Primes,-XX:+UseZGC,10,0.130000,24.10614013671875,24.10614013671875,0.0,15.27392578125,0.0,,,7.692308,
rosetta,rosetta_Primes__-XX__UseZGC__2,Primes,-XX:+UseZGC,2,0.160000,33.88360595703125,33.88360595703125,0.0,21.783447265625,0.00897216796875,,,6.250000,
rosetta,rosetta_Primes__-XX__UseZGC__3,Primes,-XX:+UseZGC,3,0.130000,24.13336181640625,24.13336181640625,0.0,16.0357666015625,0.0,,,7.692308,
rosetta,rosetta_Primes__-XX__UseZGC__4,Primes,-XX:+UseZGC,4,0.130000,23.2464599609375,23.2464599609375,0.0,15.42047119140625,0.0,,,7.692308,
rosetta,rosetta_Primes__-XX__UseZGC__5,Primes,-XX:+UseZGC,5,0.130000,23.2489013671875,23.2489013671875,0.0,15.57342529296875,0.0,,,7.692308,
rosetta,rosetta_Primes__-XX__UseZGC__6,Primes,-XX:+UseZGC,6,0.130000,174.57049560546875,174.57049560546875,0.0,152.30914306640625,0.1702880859375,,,7.692308,
rosetta,rosetta_Primes__-XX__UseZGC__7,Primes,-XX:+UseZGC,7,0.140000,35.50628662109375,35.50628662109375,0.0,23.745849609375,0.0076904296875,,,7.142857,
rosetta,rosetta_Primes__-XX__UseZGC__8,Primes,-XX:+UseZGC,8,0.140000,35.438720703125,35.438720703125,0.0,21.646728515625,0.0,,,7.142857,
rosetta,rosetta_Primes__-XX__UseZGC__9,Primes,-XX:+UseZGC,9,0.140000,23.7401123046875,23.7401123046875,0.0,15.5281982421875,0.0,,,7.142857,
rosetta,rosetta_Sorting__-XX__UseG1GC__1,Sorting,-XX:+UseG1GC,1,0.060000,21.5242919921875,21.5242919921875,0.0,13.3438720703125,0.0,,,16.666667,
rosetta,rosetta_Sorting__-XX__UseG1GC__10,Sorting,-XX:+UseG1GC,10,0.070000,21.54559326171875,21.54559326171875,0.0,13.5718994140625,0.0,,,14.285714,
rosetta,rosetta_Sorting__-XX__UseG1GC__2,Sorting,-XX:+UseG1GC,2,0.060000,24.89459228515625,24.89459228515625,0.0,15.62939453125,0.00238037109375,,,16.666667,
rosetta,rosetta_Sorting__-XX__UseG1GC__3,Sorting,-XX:+UseG1GC,3,0.060000,22.82037353515625,22.82037353515625,0.0,14.748779296875,0.0,,,16.666667,
rosetta,rosetta_Sorting__-XX__UseG1GC__4,Sorting,-XX:+UseG1GC,4,0.070000,22.7862548828125,22.7862548828125,0.0,14.5731201171875,0.0,,,14.285714,
rosetta,rosetta_Sorting__-XX__UseG1GC__5,Sorting,-XX:+UseG1GC,5,0.060000,21.9156494140625,21.9156494140625,0.0,13.8428955078125,0.0,,,16.666667,
rosetta,rosetta_Sorting__-XX__UseG1GC__6,Sorting,-XX:+UseG1GC,6,0.050000,21.6192626953125,21.6192626953125,0.0,13.57025146484375,0.0,,,20.000000,
rosetta,rosetta_Sorting__-XX__UseG1GC__7,Sorting,-XX:+UseG1GC,7,0.060000,22.0994873046875,22.0994873046875,0.0,13.8468017578125,0.0,,,16.666667,
rosetta,rosetta_Sorting__-XX__UseG1GC__8,Sorting,-XX:+UseG1GC,8,0.050000,21.56304931640625,21.56304931640625,0.0,13.6365966796875,0.0,,,20.000000,
rosetta,rosetta_Sorting__-XX__UseG1GC__9,Sorting,-XX:+UseG1GC,9,0.070000,22.06060791015625,22.06060791015625,0.0,13.70086669921875,0.0,,,14.285714,
rosetta,rosetta_Sorting__-XX__UseParallelGC__1,Sorting,-XX:+UseParallelGC,1,0.060000,19.820556640625,19.820556640625,0.0,12.556640625,0.0,,,16.666667,
rosetta,rosetta_Sorting__-XX__UseParallelGC__10,Sorting,-XX:+UseParallelGC,10,0.060000,22.00445556640625,22.00445556640625,0.0,13.48443603515625,0.00286865234375,,,16.666667,
rosetta,rosetta_Sorting__-XX__UseParallelGC__2,Sorting,-XX:+UseParallelGC,2,0.060000,20.28564453125,20.28564453125,0.0,12.724853515625,0.00286865234375,,,16.666667,
rosetta,rosetta_Sorting__-XX__UseParallelGC__3,Sorting,-XX:+UseParallelGC,3,0.060000,19.37005615234375,19.37005615234375,0.0,12.46636962890625,0.0,,,16.666667,
rosetta,rosetta_Sorting__-XX__UseParallelGC__4,Sorting,-XX:+UseParallelGC,4,0.060000,50.05718994140625,50.05718994140625,0.0,39.26153564453125,0.06097412109375,,,16.666667,
rosetta,rosetta_Sorting__-XX__UseParallelGC__5,Sorting,-XX:+UseParallelGC,5,0.060000,81.23382568359375,81.23382568359375,0.0,44.61370849609375,0.086181640625,,,16.666667,
rosetta,rosetta_Sorting__-XX__UseParallelGC__6,Sorting,-XX:+UseParallelGC,6,0.060000,41.27532958984375,41.27532958984375,0.0,23.044189453125,0.0181884765625,,,16.666667,
rosetta,rosetta_Sorting__-XX__UseParallelGC__7,Sorting,-XX:+UseParallelGC,7,0.070000,19.81103515625,19.81103515625,0.0,12.54119873046875,0.0,,,14.285714,
rosetta,rosetta_Sorting__-XX__UseParallelGC__8,Sorting,-XX:+UseParallelGC,8,0.060000,20.16131591796875,20.16131591796875,0.0,12.7391357421875,0.0,,,16.666667,
rosetta,rosetta_Sorting__-XX__UseParallelGC__9,Sorting,-XX:+UseParallelGC,9,0.060000,20.21630859375,20.21630859375,0.0,12.50738525390625,0.0,,,16.666667,
rosetta,rosetta_Sorting__-XX__UseSerialGC__1,Sorting,-XX:+UseSerialGC,1,0.050000,132.59490966796875,132.59490966796875,0.0,91.0087890625,0.67852783203125,,,20.000000,
rosetta,rosetta_Sorting__-XX__UseSerialGC__10,Sorting,-XX:+UseSerialGC,10,0.060000,19.69586181640625,19.69586181640625,0.0,12.43572998046875,0.0,,,16.666667,
rosetta,rosetta_Sorting__-XX__UseSerialGC__2,Sorting,-XX:+UseSerialGC,2,0.080000,166.07354736328125,166.07354736328125,0.0,131.4759521484375,0.87420654296875,,,12.500000,
rosetta,rosetta_Sorting__-XX__UseSerialGC__3,Sorting,-XX:+UseSerialGC,3,0.060000,256.3046875,256.3046875,0.0,219.248779296875,0.62213134765625,,,16.666667,
rosetta,rosetta_Sorting__-XX__UseSerialGC__4,Sorting,-XX:+UseSerialGC,4,0.060000,32.45440673828125,32.45440673828125,0.0,23.529296875,0.003662109375,,,16.666667,
rosetta,rosetta_Sorting__-XX__UseSerialGC__5,Sorting,-XX:+UseSerialGC,5,0.040000,20.04632568359375,20.04632568359375,0.0,12.682373046875,0.0,,,25.000000,
rosetta,rosetta_Sorting__-XX__UseSerialGC__6,Sorting,-XX:+UseSerialGC,6,0.060000,22.3565673828125,22.3565673828125,0.0,13.6075439453125,0.0,,,16.666667,
rosetta,rosetta_Sorting__-XX__UseSerialGC__7,Sorting,-XX:+UseSerialGC,7,0.060000,20.81488037109375,20.81488037109375,0.0,12.78253173828125,0.0,,,16.666667,
rosetta,rosetta_Sorting__-XX__UseSerialGC__8,Sorting,-XX:+UseSerialGC,8,0.060000,22.9561767578125,22.9561767578125,0.0,14.49334716796875,0.00299072265625,,,16.666667,
rosetta,rosetta_Sorting__-XX__UseSerialGC__9,Sorting,-XX:+UseSerialGC,9,0.060000,19.731689453125,19.731689453125,0.0,12.40411376953125,0.0,,,16.666667,
rosetta,rosetta_Sorting__-XX__UseZGC__1,Sorting,-XX:+UseZGC,1,0.160000,23.7314453125,23.7314453125,0.0,15.35064697265625,0.0,,,6.250000,
rosetta,rosetta_Sorting__-XX__UseZGC__10,Sorting,-XX:+UseZGC,10,0.160000,24.686279296875,24.686279296875,0.0,16.079345703125,0.0,,,6.250000,
rosetta,rosetta_Sorting__-XX__UseZGC__2,Sorting,-XX:+UseZGC,2,0.160000,23.31884765625,23.31884765625,0.0,15.2723388671875,0.0,,,6.250000,
rosetta,rosetta_Sorting__-XX__UseZGC__3,Sorting,-XX:+UseZGC,3,0.160000,23.240234375,23.240234375,0.0,15.2000732421875,0.0,,,6.250000,
rosetta,rosetta_Sorting__-XX__UseZGC__4,Sorting,-XX:+UseZGC,4,0.160000,23.5428466796875,23.5428466796875,0.0,15.06768798828125,0.0,,,6.250000,
rosetta,rosetta_Sorting__-XX__UseZGC__5,Sorting,-XX:+UseZGC,5,0.150000,23.10479736328125,23.10479736328125,0.0,15.0069580078125,0.0,,,6.666667,
rosetta,rosetta_Sorting__-XX__UseZGC__6,Sorting,-XX:+UseZGC,6,0.160000,22.68603515625,22.68603515625,0.0,14.76055908203125,0.0,,,6.250000,
rosetta,rosetta_Sorting__-XX__UseZGC__7,Sorting,-XX:+UseZGC,7,0.160000,23.70989990234375,23.70989990234375,0.0,15.16790771484375,0.0,,,6.250000,
rosetta,rosetta_Sorting__-XX__UseZGC__8,Sorting,-XX:+UseZGC,8,0.160000,24.86517333984375,24.86517333984375,0.0,16.7333984375,0.0,,,6.250000,
rosetta,rosetta_Sorting__-XX__UseZGC__9,Sorting,-XX:+UseZGC,9,0.160000,30.63433837890625,30.63433837890625,0.0,21.64056396484375,0.001220703125,,,6.250000,
# test change
